1,basic,"Circle Fade In. White background. Red circle (#E53935), 150px diameter, centered. Animation: Fade from 0% to 100% opacity over 1.2s (ease-out). Hold 2.8s. Total duration: 4s.","=HYPERLINK(""https://drive.google.com/file/d/1sq7YMLePY8J6cTabTGq9m5nmmZYcXb0G/view"", ""View Video"")","=HYPERLINK(""https://drive.google.com/file/d/1SZDeRNFeK_W3PrIlmDFmp46A1qSkWx79/view"", ""View Code"")",,,,,,
2,basic,"Circle Scale In. Light grey background (#F5F5F5). Blue circle (#1976D2), 180px diameter, centered. Animation: Scale from 0% to 100% over 1s (elastic ease with slight overshoot to 105%, settle to 100%). Hold 3s. Total duration: 4s.","=HYPERLINK(""https://drive.google.com/file/d/1p7EfG_XBjUwlTaNCp_mVbF0zyf5JO6r3/view"", ""View Video"")","=HYPERLINK(""https://drive.google.com/file/d/1Dk9ZnTi-a4CKI7MLdNJWx01t5TLGX25a/view"", ""View Code"")",,,,,,
3,basic,"Circle Slide Left. Black background. Yellow circle (#FDD835), 160px diameter. Starts off-screen right (x: +120% canvas width). Slides to center over 1.5s (ease-out deceleration). Hold 2.5s. Total duration: 4s.","=HYPERLINK(""https://drive.google.com/file/d/1I-PlqhMvluRx8a5SBh6tiSuLGcjCrjKI/view"", ""View Video"")","=HYPERLINK(""https://drive.google.com/file/d/107r5udNm9TLXkyqqluWmZ9CgiRwg5p2l/view"", ""View Code"")",,,,,,
4,basic,"Circle Slide Up. Gradient background (#E3F2FD to #BBDEFB, top to bottom). Green circle (#43A047), 140px diameter. Starts off-screen bottom (y: +120% canvas height). Rises to center over 1.3s with gravity simulation (ease-out, decelerates as it rises). Hold 2.7s. Total duration: 4s.","=HYPERLINK(""https://drive.google.com/file/d/1ayvmuw6TGt9kdRMqhNLW6BscuybSgaJZ/view"", ""View Video"")","=HYPERLINK(""https://drive.google.com/file/d/16_qMtcA8_SYd6NWe344D4gluOg6RrYtB/view"", ""View Code"")",,,,,,
5,basic,"Circle Drop Gravity. White background. Purple circle (#7B1FA2), 170px diameter. Starts off-screen top (y: -120% height). Drops to center with gravity acceleration (ease-in, speeds up), bounces once (goes 30px below center, bounces 10px up, settles) over 1.6s total. Hold 2.4s. Total duration: 4s.","=HYPERLINK(""https://drive.google.com/file/d/1ldzFl7xdIqLYBGwtFyHFS_Qg9k3g4NuK/view"", ""View Video"")","=HYPERLINK(""https://drive.google.com/file/d/1fJXuzjRtMg8Xv20jlnUj4RL-421rV_LJ/view"", ""View Code"")",,,,,,
6,basic,"Circle Rotate 360. Dark grey background (#424242). Orange circle (#FF6F00), 155px diameter with small white dot offset from center to show rotation. Centered. Rotates continuously 360° clockwise over 2s (linear speed). Completes rotation, holds static 2s. Total duration: 4s.","=HYPERLINK(""https://drive.google.com/file/d/1zc7xXvXyaR3YZiQPhlgpoDw9lDaNRNm0/view"", ""View Video"")","=HYPERLINK(""https://drive.google.com/file/d/1jC8xOvKFT7ybnnQkyOCWlYBONI0eIzM-/view"", ""View Code"")",,,,,,
7,basic,"Circle Opacity Pulse. Soft blue background (#E1F5FE). Cyan circle (#00ACC1), 165px diameter, centered. Animation: Pulse opacity 100% → 30% → 100% over 2s (smooth sine wave). Complete 2 pulses. Total duration: 4s.","=HYPERLINK(""https://drive.google.com/file/d/1cyZwIYXpTJNQH0gGCTO6UAaXB6DU2ZqC/view"", ""View Video"")","=HYPERLINK(""https://drive.google.com/file/d/11w3f4flOAGiIh1vj9VJ5GCzwTly_pL1Q/view"", ""View Code"")",,,,,,
8,basic,"Circle Blur Focus. White background. Red circle (#D32F2F), 175px diameter, centered. Starts heavily blurred (blur radius 20px, opacity 40%). Sharpens to crystal clear over 2s (blur reduces to 0px, opacity to 100%). Hold sharp 2s. Total duration: 4s.","=HYPERLINK(""https://drive.google.com/file/d/1aknPodw4_kiIOmmLJbZ6KDVydFZ85NNu/view"", ""View Video"")","=HYPERLINK(""https://drive.google.com/file/d/1lmI4ElDdyEtSGj78FMLeDoMj5eRQFakv/view"", ""View Code"")",,,,,,
9,basic,"Circle Glow Effect. Black background. White circle (#FFFFFF), 150px diameter, centered. Circle has outer glow (0px 0px 30px rgba(255,255,255,0.8)). Glow intensity pulses: 0.3 → 0.9 → 0.3 alpha over 2.5s. Complete 1.5 pulses. Total duration: 4s.","=HYPERLINK(""https://drive.google.com/file/d/1xujnXqZzHR7y20-nxR9BIzDZBzOrUDrY/view"", ""View Video"")","=HYPERLINK(""https://drive.google.com/file/d/1FuZfLtb1zdROTYC2WV4OmVe-YlmR-zBF/view"", ""View Code"")",,,,,,
10,basic,"Circle Color Morph. Light background (#FAFAFA). Circle 160px diameter, centered. Starts red (#F44336), morphs to blue (#2196F3) over 2s (smooth color transition). Morphs blue to green (#4CAF50) over 2s. Total duration: 4s.","=HYPERLINK(""https://drive.google.com/file/d/1RHctbsMMZ73WHRBDbbKX1Eb4n_msn99f/view"", ""View Video"")","=HYPERLINK(""https://drive.google.com/file/d/1nVJamjuBhHuKhvkN6FewydIfcoYyYl3j/view"", ""View Code"")",,,,,,
11,basic,"Rectangle Fade In. White background. Blue rectangle (#1565C0), 300px × 180px, centered, border-radius 12px. Fades from 0% to 100% opacity over 1.4s (ease-out). Hold 2.6s. Total duration: 4s.","=HYPERLINK(""https://drive.google.com/file/d/1fDfdIg7WMi1uuMrD0DfacO42zQdB_dka/view"", ""View Video"")","=HYPERLINK(""https://drive.google.com/file/d/1yH4Hw29T-C_q8T1uamr-TKmMygZOaxkf/view"", ""View Code"")",,,,,,
12,basic,"Rectangle Scale In. Gradient background (#FCE4EC to #F8BBD0). Pink rectangle (#EC407A), 320px × 200px, centered, border-radius 16px. Scales from 0% to 100% over 1.2s (elastic with overshoot to 108%, settle). Hold 2.8s. Total duration: 4s.","=HYPERLINK(""https://drive.google.com/file/d/17AdBjLSxddGLSFA_mM9zoIC9yuAioKu2/view"", ""View Video"")","=HYPERLINK(""https://drive.google.com/file/d/1mTxW69wvbCLZagsn00vN1fkPIpbMmjXw/view"", ""View Code"")",,,,,,
13,basic,"Rectangle Slide Right. Dark background (#212121). Orange rectangle (#FF6F00), 280px × 160px, rounded corners 10px. Starts off-screen left (x: -120%). Slides to center over 1.6s (ease-out). Hold 2.4s. Total duration: 4s.","=HYPERLINK(""https://drive.google.com/file/d/17u3khB_zvdaHxL6Xg_KTPN28C_fo5GYR/view"", ""View Video"")","=HYPERLINK(""https://drive.google.com/file/d/1IuxPXiBfrkCvRdaGBJ8pIyXMxKGvm0Gv/view"", ""View Code"")",,,,,,
14,basic,"Rectangle Width Expand. Light grey background. Green rectangle (#388E3C), starts 0px × 180px (invisible), centered vertically. Expands width from 0px to 350px over 1.8s (ease-out), height stays 180px. Hold 2.2s. Total duration: 4s.","=HYPERLINK(""https://drive.google.com/file/d/1rBY8DIcts4CquzGb07MmKD7Ots5nuzWH/view"", ""View Video"")","=HYPERLINK(""https://drive.google.com/file/d/14HWKUtGNjkL7uALbrb6IsXuItQRP5Hq_/view"", ""View Code"")",,,,,,
15,basic,"Rectangle Height Grow. White background. Purple rectangle (#7B1FA2), 250px × 0px (invisible), centered horizontally, bottom edge at 70% canvas height. Grows height from 0px to 300px upward over 1.5s (ease-out). Hold 2.5s. Total duration: 4s.","=HYPERLINK(""https://drive.google.com/file/d/1OHLXcG9CaBWf5ae_pF0gBKkAdgUzCEfo/view"", ""View Video"")","=HYPERLINK(""https://drive.google.com/file/d/1D1OkDfJRKoSqZajg2m1dbMv0T8CKyFnK/view"", ""View Code"")",,,,,,
16,basic,"Rectangle Rotate 90. Soft background (#F3E5F5). Blue rectangle (#5E35B1), 300px × 150px, centered, rounded 8px. Rotates 90° clockwise around center over 1.3s (ease-in-out). Hold rotated 2.7s. Total duration: 4s.","=HYPERLINK(""https://drive.google.com/file/d/1PpwPpMxyXEzr1qbANktpYp3UXzCA0qKh/view"", ""View Video"")","=HYPERLINK(""https://drive.google.com/file/d/1G0EcUYK2UxEZOdEJaL0NiWmvIPKEwOca/view"", ""View Code"")",,,,,,
17,basic,"Rectangle Shadow Grow. White background. Dark grey rectangle (#616161), 280px × 170px, centered, rounded 12px. Starts with small shadow (0px 2px 4px rgba(0,0,0,0.1)). Shadow grows to (0px 12px 32px rgba(0,0,0,0.4)) over 2s. Hold 2s. Total duration: 4s.","=HYPERLINK(""https://drive.google.com/file/d/1OKtDF7jwW48tW1ARhsbAT5HO1RqdUHOo/view"", ""View Video"")","=HYPERLINK(""https://drive.google.com/file/d/11S9pW2sd85TdrzmB1Ui4roT_4s4RgTZx/view"", ""View Code"")",,,,,,
18,basic,"Rectangle Border Pulse. Light background. White rectangle (#FFFFFF), 290px × 180px, centered, rounded 10px. Starts with 2px blue border (#2196F3). Border thickness pulses: 2px → 6px → 2px over 2s. Complete 2 pulses. Total duration: 4s.","=HYPERLINK(""https://drive.google.com/file/d/10Uj9cQ2hpZ3WmXld7v26d5H6Sflw375Y/view"", ""View Video"")","=HYPERLINK(""https://drive.google.com/file/d/1K1dcpdxQ5oWJlypgKj_6HeXXqRjID1qa/view"", ""View Code"")",,,,,,
19,basic,"Rectangle Gradient Shift. Dark background. Rectangle 310px × 190px, centered, rounded 14px. Starts with gradient (left #E91E63 pink to right #9C27B0 purple). Gradient shifts: purple moves from right to left over 3s (gradient endpoint positions change). Hold 1s. Total duration: 4s.","=HYPERLINK(""https://drive.google.com/file/d/1E5Pn_GEuqsnBHQbJz6MhRQxQ6cKtGg9S/view"", ""View Video"")","=HYPERLINK(""https://drive.google.com/file/d/1_W_7n3Lt-nkj4kbT2DrLphXctelRjzU4/view"", ""View Code"")",,,,,,
20,basic,"Rectangle Skew Transform. Grey background (#BDBDBD). Yellow rectangle (#FBC02D), 270px × 160px, centered. Starts normal (0° skew). Skews 15° horizontally over 1.5s (transforms to parallelogram shape). Returns to 0° over 1.5s. Hold 1s. Total duration: 4s.","=HYPERLINK(""https://drive.google.com/file/d/1FPSw20mS-ITsv_6NOxRYmulFvHhk8VyV/view"", ""View Video"")","=HYPERLINK(""https://drive.google.com/file/d/1X87r9HNVbXTF2kVKoAGDQ39w5L4RutcJ/view"", ""View Code"")",,,,,,
21,basic,"Triangle Fade In. White background. Red equilateral triangle (#D32F2F), 200px base, pointing up, centered. Fades from 0% to 100% over 1.3s (ease-out). Hold 2.7s. Total duration: 4s.","=HYPERLINK(""https://drive.google.com/file/d/1FzQVINKdi9tsOBmdAXGuYF02jb_hER-l/view"", ""View Video"")","=HYPERLINK(""https://drive.google.com/file/d/10IHInHBxnGkps8X8vCpymRNpvgI-xHOT/view"", ""View Code"")",,,,,,
22,basic,"Triangle Scale In. Light blue background (#E1F5FE). Blue triangle (#0277BD), 180px base, pointing up, centered. Scales from 0% to 100% over 1.1s (elastic overshoot to 110%, settle). Hold 2.9s. Total duration: 4s.","=HYPERLINK(""https://drive.google.com/file/d/1qk3lgK0wbZaP5WfJY1WFE3nJV0dgdxpH/view"", ""View Video"")","=HYPERLINK(""https://drive.google.com/file/d/1YN-kj54Ye4p4eCxIgXmdr9zB3KCLartr/view"", ""View Code"")",,,,,,
23,basic,"Triangle Slide Down. Gradient background (#FFF3E0 to #FFE0B2). Orange triangle (#F57C00), 190px base, pointing down. Starts off-screen top (y: -120%). Drops to center over 1.4s with slight bounce (overshoots 15px, bounces back). Hold 2.6s. Total duration: 4s.","=HYPERLINK(""https://drive.google.com/file/d/1aOFHS5BtKGf-Br9XitHSwMWEMXNiAE0F/view"", ""View Video"")","=HYPERLINK(""https://drive.google.com/file/d/1jNCyrwQdrPqAATStN3-O8R3CCZGvsdIZ/view"", ""View Code"")",,,,,,
24,basic,"Triangle Rotate 120. Dark background (#263238). Green triangle (#43A047), 200px base, pointing up, centered. Rotates 120° clockwise over 1.6s (ease-in-out), now pointing down-right. Hold 2.4s. Total duration: 4s.","=HYPERLINK(""https://drive.google.com/file/d/1WgYrVQdxBCYkKVbE0H0A8oCQ1xuxq3NE/view"", ""View Video"")","=HYPERLINK(""https://drive.google.com/file/d/1igVbPSOpdUQ4y_W4O5pxr0vCCWE7GhOi/view"", ""View Code"")",,,,,,
25,basic,"Triangle Flip Vertical. White background. Purple triangle (#8E24AA), 185px base, pointing up, centered. Flips vertically (3D rotation around horizontal axis): rotates 180° over 1.5s, now pointing down. Hold 2.5s. Total duration: 4s.","=HYPERLINK(""https://drive.google.com/file/d/1BEcZ8RAMvraZUP8tbLR77gZE2D3BIsi2/view"", ""View Video"")","=HYPERLINK(""https://drive.google.com/file/d/15Nr5SUpthtr8HDBnaIe6nMWdzzvs80NT/view"", ""View Code"")",,,,,,
26,basic,"Triangle Color Cycle. Grey background (#E0E0E0). Triangle 195px base, pointing right, centered. Starts yellow (#FFEB3B), morphs to green (#4CAF50) over 1.3s, morphs to blue (#2196F3) over 1.3s, morphs to red (#F44336) over 1.4s. Total duration: 4s.","=HYPERLINK(""https://drive.google.com/file/d/1phpuXG2QUuMTJ16KqgCRsKZJcjqsK179/view"", ""View Video"")","=HYPERLINK(""https://drive.google.com/file/d/1eax05FxDTC3LOM3LA3wtmUI2l1siqmpC/view"", ""View Code"")",,,,,,
27,basic,"Triangle Stroke Animation. Black background. Triangle 210px base, no fill (transparent), 4px white stroke (#FFFFFF), pointing up, centered. Stroke draws on from bottom-left corner clockwise, completing full triangle outline over 2.5s (stroke-dasharray animation). Hold complete 1.5s. Total duration: 4s.","=HYPERLINK(""https://drive.google.com/file/d/1hPqbF-lyKdXWhj4G2EukavZX5IHsuncT/view"", ""View Video"")","=HYPERLINK(""https://drive.google.com/file/d/1V3mXGS1WXVhQt_LwQ2WKEFTgcJS8ePG-/view"", ""View Code"")",,,,,,
28,basic,"Triangle Glow Pulse. Dark blue background (#0D47A1). Yellow triangle (#FDD835), 175px base, pointing up, centered, with outer glow (0px 0px 25px rgba(253,216,53,0.7)). Glow pulses: alpha 0.3 → 1.0 → 0.3 over 2s. Complete 2 pulses. Total duration: 4s.","=HYPERLINK(""https://drive.google.com/file/d/1pe8NJ9fd8d0lIvstsF909l0iS6gLfEt9/view"", ""View Video"")","=HYPERLINK(""https://drive.google.com/file/d/15NRNQX8TOK7aiz2VEvfvrHVK02iJwdsU/view"", ""View Code"")",,,,,,
29,basic,"Triangle Scale Directional. Light background. Red triangle (#E53935), 180px base, pointing right, centered. Scales horizontally (stretches width) from 100% to 150% over 1.5s, height stays constant. Returns to 100% over 1.5s. Hold 1s. Total duration: 4s.","=HYPERLINK(""https://drive.google.com/file/d/1aVAPFpWFjWAFBOMR-kYRSwVXqGcB9oVk/view"", ""View Video"")","=HYPERLINK(""https://drive.google.com/file/d/13Vf3yo1kb3fDJ6dNky-DdtTVoHJntzoN/view"", ""View Code"")",,,,,,
30,basic,"Triangle Opacity Wave. White background. Three blue triangles (#1976D2), each 120px base, arranged in row (150px apart), all pointing up. Opacity wave passes left to right: Triangle 1 fades 100% → 30% → 100% (1s), then Triangle 2 does same (1s), then Triangle 3 (1s). All hold 100% for 1s. Total duration: 4s.","=HYPERLINK(""https://drive.google.com/file/d/19pAKn8UWb08nC8D7bSJY7uBBZTxpesIp/view"", ""View Video"")","=HYPERLINK(""https://drive.google.com/file/d/1ZCJrPiXPMi0NEIPG_6GXGLTOUHCB4UFS/view"", ""View Code"")",,,,,,
31,basic,"Line Fade In. White background. Horizontal line, 400px length, 4px thickness, dark grey (#424242), centered. Fades from 0% to 100% over 1.2s. Hold 2.8s. Total duration: 4s.","=HYPERLINK(""https://drive.google.com/file/d/1v1c1UIYsgrA0MSmeaFOxUF5g82BW3L1L/view"", ""View Video"")","=HYPERLINK(""https://drive.google.com/file/d/1GqR2KNOtqOU_YYQ3Zk-MfhNX2MqmDwNM/view"", ""View Code"")",,,,,,
32,basic,"Line Draw On Horizontal. Light background. Horizontal line 450px length, 3px thick, blue (#2196F3), centered. Draws from left to right (starts 0px, extends to 450px) over 2s (linear speed). Hold complete 2s. Total duration: 4s.","=HYPERLINK(""https://drive.google.com/file/d/1h6-KEEkbYOzUR50jhjXQznaK_Zfc619U/view"", ""View Video"")","=HYPERLINK(""https://drive.google.com/file/d/16PjUzZilkwVTs3_4WUfz862OUApE3JPX/view"", ""View Code"")",,,,,,
33,basic,"Line Draw On Vertical. Dark background (#1A1A1A). Vertical line 500px length, 5px thick, white (#FFFFFF), centered. Draws from top to bottom over 1.8s (linear). Hold 2.2s. Total duration: 4s.","=HYPERLINK(""https://drive.google.com/file/d/1Aomyr8zv3KngFSRZ_gMwXU69-quFh-AG/view"", ""View Video"")","=HYPERLINK(""https://drive.google.com/file/d/1EqPF78STzmIT11A7tP6xY-qGidMPCA2q/view"", ""View Code"")",,,,,,
34,basic,"Line Thickness Pulse. Grey background. Horizontal line 380px, centered. Starts 2px thick red (#F44336). Thickness pulses: 2px → 8px → 2px over 2s (smooth transition). Complete 2 pulses. Total duration: 4s.","=HYPERLINK(""https://drive.google.com/file/d/1QF8NpjvxTPRS8Q3vlnkO89m5d6wksLXn/view"", ""View Video"")","=HYPERLINK(""https://drive.google.com/file/d/1UqMcBJGjSYjJN-vs5ETdXeQ4EsIpzmx_/view"", ""View Code"")",,,,,,
35,basic,"Line Rotate Sweep. White background. Line 300px length, 3px thick, black, starts horizontal centered. Rotates 180° clockwise around center point (sweeps like clock hand) over 2.5s. Hold at 180° for 1.5s. Total duration: 4s.","=HYPERLINK(""https://drive.google.com/file/d/1c-dcZozoUUYz2RhLQfcUQO_JJZet-jmI/view"", ""View Video"")","=HYPERLINK(""https://drive.google.com/file/d/1wHxQEeUOZhUD4notAczUkPDHv1sFMjEf/view"", ""View Code"")",,,,,,
36,basic,"Line Color Gradient Shift. Dark background. Horizontal line 420px, 6px thick, centered. Gradient from left red (#F44336) to right blue (#2196F3). Gradient shifts: red moves left to right over 3s (gradient start/end points translate). Hold 1s. Total duration: 4s.","=HYPERLINK(""https://drive.google.com/file/d/1oO3vOHQOPqQNLOV1imHtx9RdSSLKY6DX/view"", ""View Video"")","=HYPERLINK(""https://drive.google.com/file/d/1SwE-3PLlo6ok6GDJJhQE3PJvbeZD9Nl7/view"", ""View Code"")",,,,,,
37,basic,"Line Dash Animation. Light grey background. Horizontal line 400px, 4px, black, centered. Starts solid. Becomes dashed (20px dash, 10px gap) over 1.5s. Dashes animate (march to the right) for 2.5s. Total duration: 4s.","=HYPERLINK(""https://drive.google.com/file/d/1BQFGYDjXenej4QI-JzkcPmreGYTdcjtV/view"", ""View Video"")","=HYPERLINK(""https://drive.google.com/file/d/1HOksu4Lfc4X4xIuKUnpX_wiVX9mfzkAy/view"", ""View Code"")",,,,,,
38,basic,"Line Glow Effect. Black background. Horizontal line 350px, 3px, white, centered, with glow (0px 0px 15px rgba(255,255,255,0.6)). Glow pulses: blur radius 5px → 25px → 5px over 2s. Complete 2 pulses. Total duration: 4s.","=HYPERLINK(""https://drive.google.com/file/d/1s7JfDm_35m7UwnKdKgAuiXrVHZc7Zlvt/view"", ""View Video"")","=HYPERLINK(""https://drive.google.com/file/d/15u3qVEVXVhNk-T9wv6CI8G4FTk7B_lmU/view"", ""View Code"")",,,,,,
39,basic,"Diagonal Line Slide. White background. Diagonal line (45° angle), 400px length, 4px thick, purple (#9C27B0). Starts off-screen top-left. Slides to center along diagonal path over 1.6s (ease-out). Hold 2.4s. Total duration: 4s.","=HYPERLINK(""https://drive.google.com/file/d/1DN0oybBkkMrEdUHt7xTuq0WIWeru_Rx3/view"", ""View Video"")","=HYPERLINK(""https://drive.google.com/file/d/1-U9UYs_POlHyVXrSzCIu_7DuKRvjr2dN/view"", ""View Code"")",,,,,,
40,basic,"Line Length Oscillate. Gradient background. Horizontal line, starts 100px length, 5px thick, green (#4CAF50), centered. Length oscillates: extends to 400px over 1s, shrinks to 100px over 1s. Complete 2 oscillations. Total duration: 4s.","=HYPERLINK(""https://drive.google.com/file/d/1fh9xX-zpgjuZl9QDYdsw-XRNMawJlmrg/view"", ""View Video"")","=HYPERLINK(""https://drive.google.com/file/d/19-J7cpe_ztd3rPe_N5zzP2MLV27MIgqi/view"", ""View Code"")",,,,,,
41,basic,"Square Fade In. White background. Blue square (#1E88E5), 180px × 180px, centered, no border-radius (sharp corners). Fades 0% to 100% over 1.3s. Hold 2.7s. Total duration: 4s.","=HYPERLINK(""https://drive.google.com/file/d/1uWCP5CJWs4b4oAx6jkJq_LKzP414N0xY/view"", ""View Video"")","=HYPERLINK(""https://drive.google.com/file/d/1KLwXgUnkOt7lFoKh1egWHMyf1CCTBv9f/view"", ""View Code"")",,,,,,
42,basic,"Square Rotate Diamond. Light background. Red square (#E53935), 160px × 160px, centered. Rotates 45° clockwise (becomes diamond orientation) over 1.4s (ease-in-out). Hold as diamond 2.6s. Total duration: 4s.","=HYPERLINK(""https://drive.google.com/file/d/14Iqh76WIQpQuNIE2rP-ynzCCg72tEG5L/view"", ""View Video"")","=HYPERLINK(""https://drive.google.com/file/d/1bEqW7qfrLgz66sWQMzeB4fgin7wwIDUg/view"", ""View Code"")",,,,,,
43,basic,"Square Scale Corners. Dark background. Orange square (#FF6F00), 170px × 170px, centered, with 8px border-radius. Border-radius animates: 8px → 40px (very rounded) over 1.5s, returns to 8px over 1.5s. Hold 1s. Total duration: 4s.","=HYPERLINK(""https://drive.google.com/file/d/19pWYAqqXesfGVhy6qAC5IV3YAPvANHda/view"", ""View Video"")","=HYPERLINK(""https://drive.google.com/file/d/1Qqqvi__ZF6-MME_12fP3-VwhgBu94mpQ/view"", ""View Code"")",,,,,,
44,basic,"Square Split Four. White background. Purple square (#7B1FA2), 200px × 200px, centered. Splits into 4 smaller squares (100px × 100px each): they separate outward from center, each moving 30px in their corner direction over 1.5s. Hold separated 1s. Merge back together over 1.5s. Total duration: 4s.","=HYPERLINK(""https://drive.google.com/file/d/1tlm8_-onz4bI7J7iLRLD-0hhMLsgXytd/view"", ""View Video"")","=HYPERLINK(""https://drive.google.com/file/d/1j4pjzYNZr-iXw-MyJac2-QsIVi9gfRCh/view"", ""View Code"")",,,,,,
45,basic,"Square Shadow Direction. Light grey background. Green square (#43A047), 175px × 175px, centered. Shadow starts bottom-right (4px 4px 8px rgba(0,0,0,0.3)). Shadow position rotates around square: moves to bottom-left over 1.3s, to top-left over 1.3s, to top-right over 1.4s. Total duration: 4s.","=HYPERLINK(""https://drive.google.com/file/d/10MwxEjZcjCyJCwtXkv0NYKcsm4qKMK3b/view"", ""View Video"")","=HYPERLINK(""https://drive.google.com/file/d/1PbTEW9vI9tgyPF0aZralLfsBWwt5122B/view"", ""View Code"")",,,,,,
46,basic,"Pentagon Fade In. White background. Regular pentagon (5 equal sides), 180px diameter, blue (#1976D2), one point facing up, centered. Fades 0% to 100% over 1.2s. Hold 2.8s. Total duration: 4s.","=HYPERLINK(""https://drive.google.com/file/d/1e6k5g4o4byiTwXzx1Ny_QTmYtLYyjcKU/view"", ""View Video"")","=HYPERLINK(""https://drive.google.com/file/d/1lHjd-CC5WJPCL4svqrCwFp2eEBFI_PMS/view"", ""View Code"")",,,,,,
47,basic,"Pentagon Rotate. Dark background. Yellow pentagon (#FBC02D), 170px diameter, centered. Rotates 72° clockwise (one point position) over 1.6s. Continues rotating another 72° over 1.6s (total 144°). Hold 0.8s. Total duration: 4s.","=HYPERLINK(""https://drive.google.com/file/d/1UCGIw7KhUhc5S5tJ9-EDziGjPOixhUqm/view"", ""View Video"")","=HYPERLINK(""https://drive.google.com/file/d/1qWcCH-Cx05AZPECK2cfmaEbdDK9WloUZ/view"", ""View Code"")",,,,,,
48,basic,"Pentagon Stroke Draw. Light background. Pentagon 190px diameter, no fill, 4px red stroke (#D32F2F), centered. Stroke draws on starting from top point, going clockwise around all 5 sides over 2.5s. Hold complete 1.5s. Total duration: 4s.","=HYPERLINK(""https://drive.google.com/file/d/1FKBKLW0X3layQOtHriMkF4kBFYyS8zDO/view"", ""View Video"")","=HYPERLINK(""https://drive.google.com/file/d/1wlvE2AvM2nGvBzECeVfgIUnptgrfkvYr/view"", ""View Code"")",,,,,,
49,basic,"Star Five Points Fade. Black background. Five-point star, 200px diameter (point to opposite point), gold (#FFD700), centered. Fades in 0% to 100% over 1.4s. Hold 2.6s. Total duration: 4s.","=HYPERLINK(""https://drive.google.com/file/d/1ITlyFD4g5NF8u2KB1KVHVEhYq10VkbQ7/view"", ""View Video"")","=HYPERLINK(""https://drive.google.com/file/d/1524WYWylFjB2okplnyoIiJlhWYbtkWJA/view"", ""View Code"")",,,,,,
50,basic,"Star Rotate Sparkle. White background. Five-point star, 160px diameter, yellow (#FFEB3B), centered, with outer glow (0px 0px 20px rgba(255,235,59,0.8)). Rotates 360° clockwise over 2s (continuous spin). Glow simultaneously pulses alpha 0.4 → 1.0 → 0.4 once during rotation. Hold 2s. Total duration: 4s.","=HYPERLINK(""https://drive.google.com/file/d/1ZBQXMuUpptnUSNI59OPXtmiZ1P6x0Jpm/view"", ""View Video"")","=HYPERLINK(""https://drive.google.com/file/d/1QDnsKGzEr2RVk0rb8zXxmdbVVrt8s4Vn/view"", ""View Code"")",,,,,,
51,complex,"Circle Breathing Loop. Soft grey background (#F5F5F5). Blue circle (#42A5F5), 160px diameter, centered. Animation: Gentle breathing scale loop - scales 100% → 108% over 1.5s (ease-in-out), scales 108% → 100% over 1.5s. Completes 2 full breath cycles. Total duration: 6s.","=HYPERLINK(""https://drive.google.com/file/d/1_hMoK4My00yDipMsTGyH1Zy-kQpUckhZ/view"", ""View Video"")","=HYPERLINK(""https://drive.google.com/file/d/1cZsvbFumGE71RyS3TP1bVG1mYNe75OOM/view"", ""View Code"")",,,,,,
52,complex,"Circle Stretch React. White background. Red circle (#EF5350), 150px diameter, centered. Animation (5s): 0-2s: Circle appears (fade in 0.5s), holds 1.5s. 2-3.5s: Stretches horizontally (width 150% height stays 100%), returns to normal. 3.5-5s: Gentle pulse scale 100% → 105% → 100%. Total duration: 5s.","=HYPERLINK(""https://drive.google.com/file/d/1tS10IUY90TAbmLO54uzhgFPcA3bK1WX5/view"", ""View Video"")","=HYPERLINK(""https://drive.google.com/file/d/1eol_raN1I4cyQ84EKPkzU9_7Z1LYtE0m/view"", ""View Code"")",,,,,,
53,complex,"Circle Split Merge. Dark background (#263238). Purple circle (#AB47BC), 180px diameter, centered. Animation (6s): 0-2s: Appears and holds. 2-3.5s: Splits into two circles (each 120px), they separate 80px apart horizontally. 3.5-5s: Two circles move back together. 5-6s: Merge back into one 180px circle. Total duration: 6s.","=HYPERLINK(""https://drive.google.com/file/d/1BuY6ZLe4NyCIVk1VAmSHxg_HO4z6DnRX/view"", ""View Video"")","=HYPERLINK(""https://drive.google.com/file/d/1lFcLCsDBcqjcX4i7h6uu9EjYOGJM0KMI/view"", ""View Code"")",,,,,,
54,complex,"Circle Color Breathing Combo. Gradient background (#E8EAF6 to #C5CAE9). Circle 170px, centered. Animation (7s): 0-1.5s: Fades in as cyan (#00BCD4). 1.5-3s: While breathing (scale 100% ↔ 110%), morphs color to magenta (#E91E63). 3-4.5s: Continues breathing, morphs to yellow (#FFEB3B). 4.5-7s: Breathing continues as yellow. Total duration: 7s.","=HYPERLINK(""https://drive.google.com/file/d/1rlf-hAWbI4vrJcMyHGg_6OQdf060HgkQ/view"", ""View Video"")","=HYPERLINK(""https://drive.google.com/file/d/1Zchs6UroaoTyFilzhESLAirgLB5zk4fR/view"", ""View Code"")",,,,,,
55,complex,"Circle Rotate Scale Combine. Black background. Orange circle (#FF9800), 155px, centered, with small white dot on edge (to show rotation). Animation (6s): 0-2s: Rotates 180° while simultaneously scaling 100% → 150%. 2-4s: Continues rotating another 180° (total 360°) while scaling 150% → 100%. 4-6s: Gentle rotation wobble ±15° twice. Total duration: 6s.","=HYPERLINK(""https://drive.google.com/file/d/1y2ziYB6bxw2N-TnbZNyP84lPflYvZJ6c/view"", ""View Video"")","=HYPERLINK(""https://drive.google.com/file/d/1FPKsQSoK204BdkZboOqR-irUuWzDbexX/view"", ""View Code"")",,,,,,
56,complex,"Circle Opacity Fade Pulse. White background. Green circle (#66BB6A), 165px, centered. Animation (5s): 0-1.5s: Fades in to 100%. 1.5-3.5s: Pulses opacity 100% → 20% → 100% (smooth sine). 3.5-5s: Fades out to 0%. Total duration: 5s.","=HYPERLINK(""https://drive.google.com/file/d/1D9xvt3lLNZ9Q7IxH_PxI058qg_Zz8q30/view"", ""View Video"")","=HYPERLINK(""https://drive.google.com/file/d/1vKkq1NgiWsz7Uw3WnRQJzLJz0WWOyqGu/view"", ""View Code"")",,,,,,
57,complex,"Circle Bounce Physics. Light background. Red circle (#F44336), 140px. Starts at top (20% from top), centered horizontally. Animation (5s): Drops with gravity, bounces on bottom (80% height position). First bounce reaches 60% height, second bounce 70% height, settles at 80%. Each bounce has realistic arc (ease-in falling, ease-out rising). Total duration: 5s.","=HYPERLINK(""https://drive.google.com/file/d/1Scf37Je9RiQPMQmWb3Ly57rQONrgnHGj/view"", ""View Video"")","=HYPERLINK(""https://drive.google.com/file/d/13JHLlWXLhZQ49ZpPcr90sg2V3Ppl81nQ/view"", ""View Code"")",,,,,,
58,complex,"Circle Glow Intensity Wave. Black background. White circle (#FFFFFF), 150px, centered, with glow (0px 0px 0px rgba(255,255,255,0)). Animation (6s): 0-2s: Glow builds from 0px to 40px blur, alpha 0 to 1. 2-4s: Glow pulses: blur 40px ↔ 60px, alpha 1 ↔ 0.5 (2 pulses). 4-6s: Glow fades: blur 60px → 0px, alpha 0.5 → 0. Total duration: 6s.","=HYPERLINK(""https://drive.google.com/file/d/1qBK5RCFMb7p8xKc6NAIu48Zby_pAsZLu/view"", ""View Video"")","=HYPERLINK(""https://drive.google.com/file/d/1-gKVOzDJomH5BIQPnaC0ejqhZen0nbQ_/view"", ""View Code"")",,,,,,
59,complex,"Circle Border Grow Transform. Grey background (#BDBDBD). Circle 160px, starts as solid blue (#2196F3), centered. Animation (5s): 0-1.5s: Solid circle appears. 1.5-3s: Transforms to outlined circle (fill becomes transparent, 4px blue stroke appears). 3-4s: Stroke thickness grows 4px → 12px. 4-5s: Stroke animates drawing pattern (dashed appearance). Total duration: 5s.","=HYPERLINK(""https://drive.google.com/file/d/1QSFjxMoyu0m3VUikuThVsFlonzfG2jri/view"", ""View Video"")","=HYPERLINK(""https://drive.google.com/file/d/1scC-_q-vMN53Vd_441_0mLBQo3Lcjx0x/view"", ""View Code"")",,,,,,
60,complex,"Circle Ellipse Morph. White background. Circle 170px, purple (#9C27B0), centered. Animation (6s): 0-1.5s: Circle appears. 1.5-3.5s: Morphs into horizontal ellipse (width 280px, height 120px). 3.5-5.5s: Morphs into vertical ellipse (width 120px, height 280px). 5.5-6s: Returns to circle 170px. Total duration: 6s.","=HYPERLINK(""https://drive.google.com/file/d/1EGqx_MsdnQ3nGs3DWXSR1hZ1KoE_4-UP/view"", ""View Video"")","=HYPERLINK(""https://drive.google.com/file/d/14F_EXCZw-GC6WOHaPRTaSa-EJU09w2b9/view"", ""View Code"")",,,,,,
61,complex,"Rectangle Width Wave. Light blue background. Orange rectangle (#FB8C00), starts 300px × 150px, centered, rounded 10px. Animation (6s): 0-1s: Appears. 1-3s: Width oscillates: 300px → 450px → 300px → 200px → 300px (smooth wave). Height constant. 3-6s: Height oscillates: 150px → 220px → 150px → 100px → 150px. Width constant. Total duration: 6s.","=HYPERLINK(""https://drive.google.com/file/d/1wzBmm-St0AnbNPHsebFD0aXW_WlMRKfJ/view"", ""View Video"")","=HYPERLINK(""https://drive.google.com/file/d/1C9ro7k7YIlm-cyjK4eWjD3LTWRUr-bxA/view"", ""View Code"")",,,,,,
62,complex,"Rectangle Corner Round. Dark background. Blue rectangle (#1E88E5), 320px × 180px, starts sharp corners (radius 0px), centered. Animation (5s): 0-1.5s: Appears. 1.5-3s: Corners become fully rounded (radius 90px, creating pill shape). 3-4.5s: Returns to sharp (radius 90px → 0px). 4.5-5s: Settles. Total duration: 5s.","=HYPERLINK(""https://drive.google.com/file/d/1-1jAzTJ68Do_odMVYyW1Fh5kweRvPMbg/view"", ""View Video"")","=HYPERLINK(""https://drive.google.com/file/d/1w7EXasfEi-XIqyTTfbsIBjbuFBibUZrf/view"", ""View Code"")",,,,,,
63,complex,"Rectangle 3D Rotate. White background. Red rectangle (#E53935), 280px × 160px, rounded 12px, centered. Animation (6s): 0-1s: Appears. 1-3s: 3D rotation around vertical Y-axis: 0° → 90° (edge-on, appears as thin line) → 180° (back-facing). 3-5s: Continues 180° → 270° → 360° (returns front-facing). 5-6s: Slight wobble ±5°. Total duration: 6s.","=HYPERLINK(""https://drive.google.com/file/d/1JXZUpIY0_63F0VAcSljjf6g0mI2blvYD/view"", ""View Video"")","=HYPERLINK(""https://drive.google.com/file/d/19nYhZe1Nq-2OM7qaNwZ1IScaXyixS8nY/view"", ""View Code"")",,,,,,
64,complex,"Rectangle Shadow Travel. Light grey background. Green rectangle (#43A047), 290px × 170px, rounded 8px, centered. Animation (6s): Rectangle stays static. Shadow travels around: 0-1.5s: Shadow at bottom-right (6px 6px 12px). 1.5-3s: Shadow moves to bottom-left (-6px 6px 12px). 3-4.5s: Shadow moves to top-left (-6px -6px 12px). 4.5-6s: Shadow moves to top-right (6px -6px 12px). Total duration: 6s.","=HYPERLINK(""https://drive.google.com/file/d/1znD1VHTlZMFKOfbt3dgvVThEPbm0MVvo/view"", ""View Video"")","=HYPERLINK(""https://drive.google.com/file/d/1pgmqoD_RjU6tRGBm0TsypAyrpvfm3ZXL/view"", ""View Code"")",,,,,,
65,complex,"Rectangle Gradient Rotate. Black background. Rectangle 310px × 185px, rounded 14px, centered. Starts with gradient 0° (top #E91E63 pink to bottom #9C27B0 purple). Animation (6s): 0-2s: Appears. 2-4s: Gradient angle rotates 0° → 180° (purple now on top). 4-6s: Gradient angle rotates 180° → 360° (back to original). Total duration: 6s.","=HYPERLINK(""https://drive.google.com/file/d/1PRQuytOizNAUnIIjEEuTRb8eum6wplEm/view"", ""View Video"")","=HYPERLINK(""https://drive.google.com/file/d/1UCQwLV7AOKYaBlXdmlqg0t3s350AldYG/view"", ""View Code"")",,,,,,
66,complex,"Rectangle Skew Dance. White background. Yellow rectangle (#FDD835), 270px × 160px, rounded 10px, centered. Animation (6s): 0-1s: Appears. 1-2.5s: Skews right (15° horizontal skew). 2.5-4s: Returns to 0°, then skews left (-15°). 4-5.5s: Returns to 0°. 5.5-6s: Slight vertical skew ±5° wobble. Total duration: 6s.","=HYPERLINK(""https://drive.google.com/file/d/1a3DXdOS73SmUwiPttiZq-h7hKFwcMQN2/view"", ""View Video"")","=HYPERLINK(""https://drive.google.com/file/d/1HRw_fpjcT2W9yK_23m25PWRCo7pEbTc7/view"", ""View Code"")",,,,,,
67,complex,"Rectangle Split Grid. Dark blue background. Orange rectangle (#FF6F00), 300px × 200px, centered, rounded 8px. Animation (7s): 0-1.5s: Appears. 1.5-3s: Splits into 4 rectangles (150px × 100px each in 2×2 grid), they separate with 40px gaps. 3-5s: Each piece rotates independently 90° in different directions. 5-7s: Pieces move back together and merge into original rectangle. Total duration: 7s.","=HYPERLINK(""https://drive.google.com/file/d/1tomZdxkg4ElX3M4gWWD3N2Duot1Lpbsm/view"", ""View Video"")","=HYPERLINK(""https://drive.google.com/file/d/1AKLrbMR6_3V3AUqkncP7GDDyOK2c0tcB/view"", ""View Code"")",,,,,,
68,complex,"Rectangle Border Pulse Color. Light background. White rectangle (#FFFFFF), 300px × 180px, centered, rounded 12px. Starts with 3px blue border (#2196F3). Animation (6s): 0-2s: Appears. 2-4s: Border pulses: thickness 3px → 8px → 3px, simultaneously color morphs blue → red (#F44336) → blue. 4-6s: Another pulse: 3px → 10px → 3px, color blue → green (#4CAF50) → blue. Total duration: 6s.","=HYPERLINK(""https://drive.google.com/file/d/1S1Q7gpnVY3Feq2rGZvQMeAeNBVb-H2ZK/view"", ""View Video"")","=HYPERLINK(""https://drive.google.com/file/d/1FkHFRbvcGK7htYjLOHpob_GeVClJWdWQ/view"", ""View Code"")",,,,,,
69,complex,"Rectangle Perspective Tilt. Grey background. Purple rectangle (#8E24AA), 280px × 170px, centered. Animation (5s): 0-1s: Appears. 1-3s: 3D perspective tilt around horizontal X-axis: tilts forward 45° (top edge farther, bottom closer - trapezoid effect). 3-5s: Returns to flat 0°. Total duration: 5s.","=HYPERLINK(""https://drive.google.com/file/d/1iLSaUL0xUpa3x5PxJtQp2aMapEHZ6DOh/view"", ""View Video"")","=HYPERLINK(""https://drive.google.com/file/d/1SAiEakESTlsGRRtZTAf1NfnWsSVkAPI-/view"", ""View Code"")",,,,,,
70,complex,"Rectangle Opacity Pattern. Black background. Three rectangles (each 200px × 120px, rounded 10px, cyan #00BCD4) arranged vertically (60px apart), centered. Animation (6s): 0-2s: All appear at 100%. 2-4s: Opacity wave top to bottom: top fades to 30%, middle fades to 30%, bottom fades to 30% (each with 0.5s stagger). 4-6s: Opacity wave reverses: all return to 100% in same pattern. Total duration: 6s.","=HYPERLINK(""https://drive.google.com/file/d/1olHdcUnZMhc3TtLmj-TK0pyXxzElKea3/view"", ""View Video"")","=HYPERLINK(""https://drive.google.com/file/d/1aBqYkJOQgmhRIEbGggEzixUl106R16EO/view"", ""View Code"")",,,,,,
71,complex,"Triangle Spin Wobble. White background. Red triangle (#D32F2F), 190px base, pointing up, centered. Animation (6s): 0-1.5s: Appears. 1.5-3.5s: Spins 360° clockwise smoothly. 3.5-6s: Wobbles: rotates ±15° back and forth 3 times (like shaking head no). Total duration: 6s.","=HYPERLINK(""https://drive.google.com/file/d/1tltnbLX2Ess3Xid12bck9hYt2rh8FrpZ/view"", ""View Video"")","=HYPERLINK(""https://drive.google.com/file/d/1e8jb56BSPQ6WH8vLdhWNSITbiTpkCLTP/view"", ""View Code"")",,,,,,
72,complex,"Triangle Point Morph. Light background. Blue triangle (#1976D2), 180px base, pointing up, centered. Animation (7s): 0-1.5s: Appears pointing up. 1.5-3s: Top point extends upward (triangle gets taller, 180px → 260px height). 3-4.5s: Returns to normal 180px. 4.5-6s: Base widens (180px → 260px width). 6-7s: Returns to normal 180px base. Total duration: 7s.","=HYPERLINK(""https://drive.google.com/file/d/1Gy2VlfbH8OrBHJDnuw6io3lcphYJYclL/view"", ""View Video"")","=HYPERLINK(""https://drive.google.com/file/d/1nUbf6LTSLv0l-lrdfUrA9uHjNdzADfcw/view"", ""View Code"")",,,,,,
73,complex,"Triangle Color Vertex. Dark background. Triangle 200px, centered. Starts solid yellow (#FFEB3B). Animation (6s): 0-1.5s: Appears. 1.5-4s: Each vertex becomes different color (top red #F44336, bottom-left blue #2196F3, bottom-right green #4CAF50), gradient fills between vertices. 4-6s: Colors blend back to uniform yellow. Total duration: 6s.","=HYPERLINK(""https://drive.google.com/file/d/1LHAAek3xsuAqJOnK6JyG6U8A6tRvJjm6/view"", ""View Video"")","=HYPERLINK(""https://drive.google.com/file/d/1u08D1SS0VUANbgmlm8j5cJss66hpN6F6/view"", ""View Code"")",,,,,,
74,complex,"Triangle 3D Flip. White background. Green triangle (#43A047), 185px, pointing right, centered. Animation (5s): 0-1s: Appears. 1-3s: 3D flip around vertical axis: 0° → 180° (flips to point left). 3-5s: Flips back 180° → 360° (points right again). Total duration: 5s.","=HYPERLINK(""https://drive.google.com/file/d/1b2R2vYfWei2XM7_nRwHAgOfcdnVSP5Yd/view"", ""View Video"")","=HYPERLINK(""https://drive.google.com/file/d/1n-L4C4XzljYvtizdyWAkdurbl6LCQa79/view"", ""View Code"")",,,,,,
75,complex,"Triangle Stroke Fill. Black background. Triangle 195px, centered. Starts as outline only (4px white stroke, no fill). Animation (6s): 0-2s: Stroke draws on clockwise from top point. 2-4s: Fill color (yellow #FDD835) fades in from 0% to 100% inside outline. 4-6s: Stroke fades out, leaving solid yellow triangle. Total duration: 6s.","=HYPERLINK(""https://drive.google.com/file/d/1xa2p0Uw7GNING38fWkDeqPYyXxaPk-ey/view"", ""View Video"")","=HYPERLINK(""https://drive.google.com/file/d/1JIiaMWIIUMPK4q3xFk4bBcKD9rAnRYZ2/view"", ""View Code"")",,,,,,
76,complex,"Triangle Shatter Reform. Grey background. Orange triangle (#FF9800), 180px, centered. Animation (7s): 0-1.5s: Appears solid. 1.5-3s: Breaks into 6 smaller triangular pieces, they scatter outward 50px in random directions. 3-5s: Pieces hold scattered. 5-7s: Pieces move back together, reforming original triangle. Total duration: 7s.","=HYPERLINK(""https://drive.google.com/file/d/1s-CuSbhIFYGQqXdnQmJHCIhu9jYJEWuY/view"", ""View Video"")","=HYPERLINK(""https://drive.google.com/file/d/1kIENbD3gdKebs4MN7AWMHA9_oEBwS3Nt/view"", ""View Code"")",,,,,,
77,complex,"Triangle Breathing Glow. Dark blue background. White triangle (#FFFFFF), 170px, centered, with glow (0px 0px 20px rgba(255,255,255,0.6)). Animation (6s): Simultaneously breathes (scale 100% ↔ 112%, 2s cycle) and glow pulses (blur 10px ↔ 35px, 2s cycle). Completes 3 synchronized breath+glow cycles. Total duration: 6s.","=HYPERLINK(""https://drive.google.com/file/d/1N2722-XXZfGPR3ITdyJ9Rico760dNqA3/view"", ""View Video"")","=HYPERLINK(""https://drive.google.com/file/d/1z-Mah-Ha2xTE18NvbwYUMlxEe5jRniJp/view"", ""View Code"")",,,,,,
78,complex,"Triangle Corner Round. Light background. Purple triangle (#9C27B0), 190px, sharp points, centered. Animation (5s): 0-1.5s: Appears. 1.5-3.5s: Corner points become rounded (border-radius effect, each corner rounds with 30px radius, shape becomes more blob-like). 3.5-5s: Returns to sharp points. Total duration: 5s.","=HYPERLINK(""https://drive.google.com/file/d/1NCLlxJ7H8d5btzp5Su_PqrF3aejtadvn/view"", ""View Video"")","=HYPERLINK(""https://drive.google.com/file/d/1Uv4LkITAfxC_J0APnvrWU05XhdCkixBT/view"", ""View Code"")",,,,,,
79,complex,"Triangle Extrude Effect. White background. Blue triangle (#1E88E5), 175px, centered. Animation (6s): 0-1.5s: Appears flat (2D). 1.5-4s: Appears to extrude into 3D: duplicate layers offset behind with decreasing opacity (creates depth illusion - 5 layers, each 4px offset down-right, opacity 80% → 20%). 4-6s: Layers collapse back to flat single triangle. Total duration: 6s.","=HYPERLINK(""https://drive.google.com/file/d/1_VsXqQQl1GeQwIKSnt1P-bypLSUE95PA/view"", ""View Video"")","=HYPERLINK(""https://drive.google.com/file/d/1959v__IsQHNlGYsUgjfyiecyR4RT-2_b/view"", ""View Code"")",,,,,,
80,complex,"Triangle Orbit Path. Black background. Small yellow triangle (#FFEB3B), 80px, pointing up. Large invisible circle (300px diameter, centered) acts as orbit path. Animation (6s): Triangle starts at top of orbit circle. Travels clockwise around orbit circle perimeter over 6s (completes full circular orbit). Triangle rotates to always point outward from center as it orbits. Total duration: 6s.","=HYPERLINK(""https://drive.google.com/file/d/1wea8R3cCui7U5nNpJwJftOI2RTP6eZX7/view"", ""View Video"")","=HYPERLINK(""https://drive.google.com/file/d/1YshJldQ4cosHszQ7zRsp-g4EaLZXtF2d/view"", ""View Code"")",,,,,,
81,complex,"Line Multi-Segment Draw. White background. Complex path: 5 connected line segments forming a zigzag (total path length ~500px), 4px thick, blue (#2196F3), centered. Animation (6s): 0-5s: Path draws on sequentially: segment 1 (1s), segment 2 (1s), segment 3 (1s), segment 4 (1s), segment 5 (1s). 5-6s: Complete path holds. Total duration: 6s.","=HYPERLINK(""https://drive.google.com/file/d/1Z7-wzgEu2ISz7-nyoB1jtuWyddnanLau/view"", ""View Video"")","=HYPERLINK(""https://drive.google.com/file/d/1YAXFxOM5GEdRRDcF6pCgfwR0ZinN7yoY/view"", ""View Code"")",,,,,,
82,complex,"Line Thickness Wave. Dark background. Horizontal line 400px, white, centered. Starts 3px thick. Animation (6s): 0-2s: Thickness wave travels left to right: starts 3px, middle becomes 10px, ends 3px (wave bump travels across). 2-4s: Another wave right to left. 4-6s: Line settles at 5px thick uniformly. Total duration: 6s.","=HYPERLINK(""https://drive.google.com/file/d/1-evq17-WpC59HerLaO7KtTu0I3DfsDvZ/view"", ""View Video"")","=HYPERLINK(""https://drive.google.com/file/d/1pP4pgaEQvdXoeFI0NWCnCWP5ba7OcO0g/view"", ""View Code"")",,,,,,
83,complex,"Line Color Gradient Flow. Light grey background. Horizontal line 450px, 5px thick, centered. Gradient from left red (#F44336) to right blue (#2196F3). Animation (6s): 0-3s: Gradient flows: red position moves left to right (like liquid flowing through pipe). 3-6s: Gradient flows reverse: right to left. Total duration: 6s.","=HYPERLINK(""https://drive.google.com/file/d/1uJLJVVkSVlAPLPdAw58Rl9G77vQYr-Fi/view"", ""View Video"")","=HYPERLINK(""https://drive.google.com/file/d/1bo4xd3BEDPrQ92gr9_N46hyHgo-0Ym5z/view"", ""View Code"")",,,,,,
84,complex,"Line Dotted Dash Morph. White background. Horizontal line 400px, 4px, black, centered. Animation (6s): 0-1.5s: Solid line appears. 1.5-3s: Morphs to dashed (30px dash, 15px gap). 3-4.5s: Dashes become dots (8px dash, 12px gap). 4.5-6s: Returns to solid. Total duration: 6s.","=HYPERLINK(""https://drive.google.com/file/d/1FGt33UeUTgbYYan_IJTg9U3PB1nU9lF6/view"", ""View Video"")","=HYPERLINK(""https://drive.google.com/file/d/10WAtlUlCXcZizCrtR0qsUG7uGirHgqvF/view"", ""View Code"")",,,,,,
85,complex,"Line Spiral Draw. Black background. Spiral line (starts from center, spirals outward making 3 loops, total length ~600px), 3px thick, gold (#FFD700), centered. Animation (7s): 0-6s: Spiral draws from center outward continuously. 6-7s: Complete spiral holds. Total duration: 7s.","=HYPERLINK(""https://drive.google.com/file/d/14I7LwCYyTjIT82sfLC7QxzXd-nP-HS3e/view"", ""View Video"")","=HYPERLINK(""https://drive.google.com/file/d/1NVrEkdLUUqm0ZXY6Up2ITOLv-naVxZrT/view"", ""View Code"")",,,,,,
86,complex,"Line Glow Intensity Build. Dark blue background. Horizontal line 380px, 4px, cyan (#00BCD4), centered. Starts with no glow. Animation (5s): 0-2s: Glow builds gradually: blur 0px → 30px, alpha 0 → 0.9. 2-4s: Glow pulses: blur 30px ↔ 45px (2 pulses). 4-5s: Glow fades: blur 45px → 0px, alpha 0.9 → 0. Total duration: 5s.","=HYPERLINK(""https://drive.google.com/file/d/1Jb6PDSbwfd6vy5TtavlbuT9lBi8MJFku/view"", ""View Video"")","=HYPERLINK(""https://drive.google.com/file/d/1QGtxsLKPa18V9q-OIyXwcNP8F8-F69qA/view"", ""View Code"")",,,,,,
87,complex,"Line Angle Sweep. White background. Line 350px, 4px, purple, centered. Starts horizontal (0°). Animation (6s): Line rotates around center point, sweeping like clock hand: 0° → 180° over 3s, continues 180° → 360° over 3s (complete circle). Total duration: 6s.","=HYPERLINK(""https://drive.google.com/file/d/19wSoCQbGi3k77LO0-r1JKLGyRV3yHXuG/view"", ""View Video"")","=HYPERLINK(""https://drive.google.com/file/d/1KHdXH68PysY8UTac3VtdIYnPFiwuwIli/view"", ""View Code"")",,,,,,
88,complex,"Line Split Multi. Grey background. Horizontal line 400px, 5px, red, centered. Animation (7s): 0-1.5s: Single line appears. 1.5-3s: Splits into 3 parallel lines (each 400px × 2px, 20px vertical spacing). 3-5s: Three lines wave vertically (sine wave motion, offset phases). 5-7s: Lines merge back into single 400px × 5px line. Total duration: 7s.","=HYPERLINK(""https://drive.google.com/file/d/1X3kAkcIG9Mrnqwilt6gSutsxO6wj7HEi/view"", ""View Video"")","=HYPERLINK(""https://drive.google.com/file/d/1BkJWim-RgCSsLO8vA1YAjOttwYhwOqYc/view"", ""View Code"")",,,,,,
89,complex,"Line Perpendicular Cross. Black background. Two lines: horizontal 300px and vertical 300px, both 4px white, intersecting at center forming cross. Animation (6s): 0-2s: Horizontal line draws left to right. 2-4s: Vertical line draws top to bottom. 4-6s: Both lines pulse thickness: 4px → 8px → 4px simultaneously. Total duration: 6s.","=HYPERLINK(""https://drive.google.com/file/d/1xBA0SW3ikWP4rk2llRUK4Q5A0yH0CbrW/view"", ""View Video"")","=HYPERLINK(""https://drive.google.com/file/d/1f6ItEmedZHamDmX-hX2tIbsLiN7PRdv_/view"", ""View Code"")",,,,,,
90,complex,"Line Neon Flicker. Dark background. Horizontal line 420px, 5px, bright pink (#FF1493), centered, with neon glow (0px 0px 20px rgba(255,20,147,0.8)). Animation (5s): Mimics neon sign flicker: 0-0.2s: Off (opacity 0%). 0.2-0.3s: On flicker (opacity 100% → 50% → 100%). 0.3-3s: Stable on with subtle glow pulse. 3-3.2s: Flicker (opacity 100% → 30% → 100%). 3.2-5s: Stable on. Total duration: 5s.","=HYPERLINK(""https://drive.google.com/file/d/1B9uohc4VPEn8UEisg_Up2DmuCuR3io2M/view"", ""View Video"")","=HYPERLINK(""https://drive.google.com/file/d/1RjVmpTHu9yeV5ZhZdjEd09dRJqfrdBBK/view"", ""View Code"")",,,,,,
91,complex,"Square Perspective Cube. White background. Blue square (#1976D2), 180px, centered. Animation (6s): 0-1.5s: Flat square appears. 1.5-4s: 3D perspective transform creates cube illusion: square tilts, duplicate edges appear offset creating 3D cube wireframe effect. 4-6s: Cube rotates 45° showing different face, returns to flat square. Total duration: 6s.","=HYPERLINK(""https://drive.google.com/file/d/1o2go-2KdJrnOu_lYVKhbtiqYK8tMVGpl/view"", ""View Video"")","=HYPERLINK(""https://drive.google.com/file/d/1zUKemfsjYQCCNbnTj9OYP12NSw7iH7F2/view"", ""View Code"")",,,,,,
92,complex,"Square Corner Detach. Light background. Red square (#E53935), 200px, centered. Animation (7s): 0-1.5s: Solid square appears. 1.5-3.5s: Four corners detach (each corner becomes 40px triangle), corners move 30px outward from square. 3.5-5.5s: Corners rotate 90° independently. 5.5-7s: Corners return and reattach forming square. Total duration: 7s.","=HYPERLINK(""https://drive.google.com/file/d/1OnBbxCvhIB0piAAQQjjP-1U0dEkIN4g5/view"", ""View Video"")","=HYPERLINK(""https://drive.google.com/file/d/1s8PJcKD9Z1QnPSVDFq-KaY7kIS6vj2s9/view"", ""View Code"")",,,,,,
93,complex,"Square Inflate Deflate. Grey background. Orange square (#FF6F00), 160px, centered, 10px rounded corners. Animation (6s): 0-2s: Square appears. 2-4s: Inflates (becomes circle): corners round increasingly, morphs into 200px diameter circle. 4-6s: Deflates back: circle morphs back to 160px rounded square. Total duration: 6s.","=HYPERLINK(""https://drive.google.com/file/d/1LtaJvN87kSiVxfAnFZ22rrw8KRUgcyPo/view"", ""View Video"")","=HYPERLINK(""https://drive.google.com/file/d/124KTdVpFxQXZXSRNIp6uwi9gq3WobUgT/view"", ""View Code"")",,,,,,
94,complex,"Square Checkerboard Fill. Black background. White square (#FFFFFF), 240px, centered. Animation (5s): 0-1s: Empty outline appears (4px white stroke). 1-4s: Fills with checkerboard pattern: 8×8 grid of alternating black/white squares appears sequentially (each small square 30px, fills row by row top to bottom, each row takes 0.375s). 4-5s: Holds complete checkerboard. Total duration: 5s.","=HYPERLINK(""https://drive.google.com/file/d/1Xlo4qULRi4wLiFJwQI81iL0Cpy8y_QnZ/view"", ""View Video"")","=HYPERLINK(""https://drive.google.com/file/d/10LD9jbWWLENBYdufdXgw8FPXHhZPSAX2/view"", ""View Code"")",,,,,,
95,complex,"Square Shadow Lift. Light grey background. Blue square (#1E88E5), 180px, centered, rounded 8px. Starts flat with small shadow (0px 2px 4px rgba(0,0,0,0.2)). Animation (5s): 0-2s: Square appears to lift up: shadow grows (0px 2px → 0px 20px 40px, opacity 0.2 → 0.4), square scales slightly larger (100% → 105%). 2-4s: Holds elevated. 4-5s: Lowers back down: shadow shrinks, scale returns to 100%. Total duration: 5s.","=HYPERLINK(""https://drive.google.com/file/d/1DCkWwSRc5glk7CrkN6NTHQ-OKF1a8XQq/view"", ""View Video"")","=HYPERLINK(""https://drive.google.com/file/d/1xVfY9ptf0k4Hu880_TMRkkj1rpJCk8IV/view"", ""View Code"")",,,,,,
96,complex,"Pentagon Star Morph. White background. Regular pentagon (#8E24AA purple), 180px diameter, centered. Animation (7s): 0-1.5s: Pentagon appears. 1.5-4s: Morphs into 5-point star (vertices extend outward, inner vertices pull inward, same purple). 4-6.5s: Star morphs back to pentagon. 6.5-7s: Settles. Total duration: 7s.","=HYPERLINK(""https://drive.google.com/file/d/1cL5CS5pt7Vs1gPGjnk9IEGeGAMJjUMUP/view"", ""View Video"")","=HYPERLINK(""https://drive.google.com/file/d/1XgVULj1skpHyStKHmoG3KAuRzTli4MqQ/view"", ""View Code"")",,,,,,
97,complex,"Pentagon Spin Vertices. Dark background. Pentagon 190px, yellow (#FDD835), centered. Each of 5 vertices has small circle (20px, white) at corner. Animation (6s): 0-1.5s: Pentagon and vertex circles appear. 1.5-4.5s: Pentagon rotates 72° (one vertex position) over 3s. Simultaneously, vertex circles orbit around their corners in opposite direction. 4.5-6s: All settle. Total duration: 6s.","=HYPERLINK(""https://drive.google.com/file/d/1-CwgfHBAATcCU_M_PdVC8A1Aij83TYCP/view"", ""View Video"")","=HYPERLINK(""https://drive.google.com/file/d/1FAG1Jq4exsTGUPY9903DlMaO1Ayh19L4/view"", ""View Code"")",,,,,,
98,complex,"Pentagon Wave Distort. Light background. Green pentagon (#43A047), 185px, centered. Animation (6s): 0-1.5s: Regular pentagon appears. 1.5-4.5s: Wave distortion passes through: vertices oscillate in/out from center creating ripple effect (each vertex moves with phase offset, creating rotating wave). 4.5-6s: Returns to regular pentagon. Total duration: 6s.","=HYPERLINK(""https://drive.google.com/file/d/1aJholgjWvHvIKlzhhDaESyPnOQEaLNqm/view"", ""View Video"")","=HYPERLINK(""https://drive.google.com/file/d/1PIESy1LU1SAFkEGFMdM9nkWA7di7uLt4/view"", ""View Code"")",,,,,,
99,complex,"Star Rotate Layers. Black background. Three 5-point stars (200px, 160px, 120px diameter), all centered, layered. Colors: back gold (#FFD700, 50% opacity), middle yellow (#FFEB3B, 70% opacity), front white (#FFFFFF, 100%). Animation (6s): 0-1.5s: All appear. 1.5-4.5s: Each rotates at different speed: back 360° over 3s, middle 540° over 3s, front 720° over 3s. 4.5-6s: All settle aligned. Total duration: 6s.","=HYPERLINK(""https://drive.google.com/file/d/1oW-M-09oAE15jNFPhllFtf4XsdV7-Ypi/view"", ""View Video"")","=HYPERLINK(""https://drive.google.com/file/d/1uIN4lqooQystcshIsuUtLItOUxIRkcc3/view"", ""View Code"")",,,,,,
100,complex,"Star Explode Particles. White background. Gold star (#FFD700), 180px, centered. Animation (6s): 0-1.5s: Star appears. 1.5-2.5s: Star breaks into 50 small star particles (each 10px), they explode outward radially from center. 2.5-4.5s: Particles slow down, hold scattered (200px radius). 4.5-6s: Particles return inward, reforming central star. Total duration: 6s.","=HYPERLINK(""https://drive.google.com/file/d/1gN4kEGZm6ct2-TKPzlX8cMNb4Nr4_cM6/view"", ""View Video"")","=HYPERLINK(""https://drive.google.com/file/d/1sDP87n77brvN8jIbawrVpoaw37xfyPUo/view"", ""View Code"")",,,,,,
101,coordination,"Three Shapes Center Bounce. White background. Circle (140px red #F44336), square (140px blue #2196F3), triangle (140px base green #4CAF50). Animation (6s): 0-2s: Circle slides from left, square from right, triangle drops from top. All arrive at center with bounce (overshoot 15px, settle). 2-4s: All three rotate slowly in place (each 180°). 4-5s: All scale together: 100% -> 110% -> 100%. 5-6s: Fade out together. Total duration: 6s. [cite: 374, 375, 376, 377, 378]","=HYPERLINK(""https://drive.google.com/file/d/1CcmQ8Uqf8sxyWx-32vHHzzf6SOPX7iA6/view"", ""View Video"")","=HYPERLINK(""https://drive.google.com/file/d/1-GRGqlAFzOJ3KSTz7KJIw6hFfWPJiXyj/view"", ""View Code"")",,,,,,
102,coordination,"Shapes Horizontal Align Pulse. Gradient background (#E3F2FD to #BBDEFB). Circle (120px), square (120px), triangle (120px base), all magenta (#E91E63). Animation (8s): 0-2s: Circle slides in from left, square from right, triangle drops from top, all stop at center overlapping. 2-4s: Shapes slowly rotate in place. Circle moves 40px up, square 40px down, triangle shifts between them. 4-6s: All move toward exact center, overlap increases, opacity lowers where overlapping (blend mode). 6-8s: Align horizontally (150px apart), pulse scale 100% -> 105% -> 100%, fade out. [cite_start]Total duration: 8s. [cite: 379, 380, 381, 382, 383, 384]","=HYPERLINK(""https://drive.google.com/file/d/1R0NOaOarT3gurkq_PWw-IMNIvYUBHWaP/view"", ""View Video"")","=HYPERLINK(""https://drive.google.com/file/d/1ogWauWIyRznTyLlDVF2r7r3pP9bCfZNf/view"", ""View Code"")",,,,,,
103,coordination,"Sequential Shape Reveal. Dark background (#212121). Five circles (each 100px), arranged in horizontal row (120px spacing), different colors: red, orange, yellow, green, blue. Animation (7s): 0-1.4s: Circle 1 (red) fades in. 1.4-2.8s: Circle 2 (orange) fades in. 2.8-4.2s: Circle 3 (yellow) fades in. 4.2-5.6s: Circle 4 (green) fades in. 5.6-7s: Circle 5 (blue) fades in, all hold. [cite_start]Total duration: 7s. [cite: 385, 386, 387, 388]","=HYPERLINK(""https://drive.google.com/file/d/1xtpm7VgzQRRDWO3SwZ4VSwu3u77DKd5H/view"", ""View Video"")","=HYPERLINK(""https://drive.google.com/file/d/115qSkIhqC9MRzc5D86CstGXVRdXZP9E9/view"", ""View Code"")",,,,,,
104,coordination,"Bar Chart Three Bars. Light grey background. Three vertical bars (rectangles): 80px wide each, 150px apart horizontally, all start at bottom (y: 80% canvas height), same base level. Colors: bar 1 blue (#1976D2), bar 2 orange (#F57C00), bar 3 green (#388E3C). Animation (6s): 0-2s: Bar 1 grows upward from 0px to 200px height (30% target). 2-4s: Bar 2 grows from 0px to 280px (40%). 4-6s: Bar 3 grows from 0px to 360px (50%). All bars have rounded top corners (10px radius). [cite_start]Total duration: 6s. [cite: 389, 390, 391, 392, 393, 394]","=HYPERLINK(""https://drive.google.com/file/d/1T5D7k4-zcpyM4_SJLbjwUfHhNt_24rUt/view"", ""View Video"")","=HYPERLINK(""https://drive.google.com/file/d/1zizo3byzRKU5WOAdcNlJW7o__kkEsxL9/view"", ""View Code"")",,,,,,
105,coordination,"Bar Chart with Counter. White background. Three bars same as prompt 104, same positions and colors. Above each bar position: percentage text ('0%' initially, white on dark grey badge 60px x 30px, rounded). Animation (7s): 0-2s: Bar 1 grows to 200px, simultaneously text counts '0%' -> '30%' above it. 2-4s: Bar 2 grows to 280px, text counts '0%' -> '40%'. 4-6s: Bar 3 grows to 360px, text counts '0%' -> '50%'. 6-7s: All hold complete. [cite_start]Total duration: 7s. [cite: 395, 396, 397, 398, 399, 400]","=HYPERLINK(""https://drive.google.com/file/d/1lyWWRF5-c_b9s4H7RRr6dVwG1PgR4S1z/view"", ""View Video"")","=HYPERLINK(""https://drive.google.com/file/d/16Jb9dt7gqzOaV0GL0DgMxi1WlhPIhTmK/view"", ""View Code"")",,,,,,
106,coordination,"Circles Orbit Center. Black background. Center: Small white circle (40px, stationary). Orbiting: Three colored circles (each 60px): red, green, blue. Each on invisible circular orbit (radius 180px from center). Animation (8s): 0-2s: Center circle appears, orbit circles appear at top, right-bottom, left-bottom positions (120° apart). 2-8s: All three circles orbit clockwise around center simultaneously, maintaining 120° spacing. Complete 1 full orbit over 6s. [cite_start]Total duration: 8s. [cite: 401, 402, 403, 404, 405]","=HYPERLINK(""https://drive.google.com/file/d/1gQMLSboqo9xOcdYNcggZ4uGCf5OU8l4d/view"", ""View Video"")","=HYPERLINK(""https://drive.google.com/file/d/14CfvDReJluK1lb0nkf6i7KEcPD7QsHSA/view"", ""View Code"")",,,,,,
107,coordination,"Square Grid Appear Sequential. White background. 3x3 grid of squares (9 total), each 80px, 20px gaps, purple (#9C27B0), centered grid. Animation (9s): Squares appear sequentially in pattern: top-left -> top-center -> top-right -> middle-left -> center -> middle-right -> bottom-left -> bottom-center -> bottom-right. Each square fades in over 0.8s with 0.2s stagger (total 8s for all 9). All hold 1s. [cite_start]Total duration: 9s. [cite: 406, 407, 408, 409, 410]","=HYPERLINK(""https://drive.google.com/file/d/1VnAHsF4UgzKwQ-8zd-A85O7jKjvsvl-X/view"", ""View Video"")","=HYPERLINK(""https://drive.google.com/file/d/12SOUelyvTcphIjAXJ8JXr_Y1z3oDl2m3/view"", ""View Code"")",,,,,,
108,coordination,"Triangles Point Inward. Gradient background. Four triangles (each 140px base, red #E53935): top triangle pointing down, bottom pointing up, left pointing right, right pointing left. Positioned at canvas edges pointing toward center. Animation (7s): 0-2s: All four triangles slide in from their edges toward center. 2-4s: Stop 100px from center, rotate slowly (each 180°). 4-6s: Move closer to center (50px from center), opacity lowers to 60%. 6-7s: All pulse scale 100% -> 110% -> 100%. [cite_start]Total duration: 7s. [cite: 411, 412, 413, 414, 415]","=HYPERLINK(""https://drive.google.com/file/d/1E1fswc_vLbXL28w3Eowxpwkgqot1W7Z4/view"", ""View Video"")","=HYPERLINK(""https://drive.google.com/file/d/17joaqFVfLPUyb9HIswGYON5kJZwmWY_-/view"", ""View Code"")",,,,,,
109,coordination,"Line Star Burst. Black background. Center point. Eight lines (each 200px long, 3px thick, white), radiating from center like star burst (45° apart, forming 8 directions). Animation (6s): 0-4s: Lines draw outward from center sequentially clockwise: line 1 (top) over 0.5s, line 2 (top-right) over 0.5s, continuing for all 8 lines. 4-6s: All complete lines rotate together 45° clockwise. [cite_start]Total duration: 6s. [cite: 416, 417, 418, 419]","=HYPERLINK(""https://drive.google.com/file/d/17qahPV_-BM-w86LRMOb_hY3gdEpXuVlw/view"", ""View Video"")","=HYPERLINK(""https://drive.google.com/file/d/1N2bVl7Hn7FY-lKvgYA90vGkI2qfQfc61/view"", ""View Code"")",,,,,,
110,coordination,"Rectangles Layered Slide. Light background. Five rectangles (each 300px x 150px, rounded 12px, same size), different colors: red, orange, yellow, green, blue. Stacked at center with 10px vertical offset creating 3D layers. Animation (8s): 0-1.6s: Red slides in from left. 1.6-3.2s: Orange slides in from left, layers on red. 3.2-4.8s: Yellow slides in. 4.8-6.4s: Green slides in. 6.4-8s: Blue slides in. All layer creating colored stack. [cite_start]Total duration: 8s. [cite: 420, 421, 422, 423, 424]","=HYPERLINK(""https://drive.google.com/file/d/1QO8gvntbP3hMKTuS6oO-Bf5y4I0Xgm0q/view"", ""View Video"")","=HYPERLINK(""https://drive.google.com/file/d/1Us0Hkxexu0Rs30B12easJSleOFKRlbtq/view"", ""View Code"")",,,,,,
111,coordination,"Circle Chain Connected. White background. Five circles (each 100px, blue #2196F3), arranged horizontally (140px apart). Lines (3px, grey) connect adjacent circles (center to center). Animation (7s): 0-1.4s: Circle 1 appears, no line. 1.4-2.8s: Line draws from circle 1 to position 2, then circle 2 appears. 2.8-4.2s: Line draws 2->3, circle 3 appears. 4.2-5.6s: Line draws 3->4, circle 4 appears. 5.6-7s: Line draws 4->5, circle 5 appears. [cite_start]Total duration: 7s. [cite: 425, 426, 427, 428, 429]","=HYPERLINK(""https://drive.google.com/file/d/1ENNW3vv74ddbnNrXl8hUal3hrYemqkdh/view"", ""View Video"")","=HYPERLINK(""https://drive.google.com/file/d/1xsmGQv3lj20eTDOUiW93fpREgQ4JZr-r/view"", ""View Code"")",,,,,,
112,coordination,"Shapes Size Progression. Grey background. Five circles arranged horizontally (150px spacing), all centered vertically. Sizes increase: 60px, 90px, 120px, 150px, 180px. All cyan (#00BCD4). Animation (6s): All appear simultaneously (fade in 1s). Then scale pulse wave left to right: circle 1 pulses 100% -> 115% -> 100% (0.8s), then circle 2 (0.8s), continuing through all 5 (total 4s pulse wave). Final 1s hold. [cite_start]Total duration: 6s. [cite: 430, 431, 432, 433, 434]","=HYPERLINK(""https://drive.google.com/file/d/1ipM3xLsL1-pwRpzG3SlAM4z99cMmYkwn/view"", ""View Video"")","=HYPERLINK(""https://drive.google.com/file/d/14BFxip70ldxVZSDJuN2j_WDPHbIFV73h/view"", ""View Code"")",,,,,,
113,coordination,"Triangle Spinning Formation. Black background. Three triangles (each 120px, different colors: red, green, blue), start at center overlapping. Animation (8s): 0-2s: All appear at center. 2-4s: Triangles separate outward to form larger triangle formation (each moves 150px from center, 120° apart). 4-6s: While in formation, all three triangles rotate clockwise (each 360°) in place. 6-8s: Formation rotates as whole (triangles orbit center 180°). [cite_start]Total duration: 8s. [cite: 435, 436, 437, 438, 439]","=HYPERLINK(""https://drive.google.com/file/d/1Zrphd_wjFwTbplWykm_SMtnwe1pVkmoC/view"", ""View Video"")","=HYPERLINK(""https://drive.google.com/file/d/1IA6KZc8LPqOsuRj7LhxHLbftri5_LyOe/view"", ""View Code"")",,,,,,
114,coordination,"Square Border Sequential Build. White background. Four rectangles forming square border frame: top bar (400px x 40px), bottom bar (400px x 40px), left bar (40px x 300px), right bar (40px x 300px). All orange (#FF9800). Animation (6s): 0-1.5s: Top bar draws left to right. 1.5-3s: Right bar draws top to bottom. 3-4.5s: Bottom bar draws right to left. 4.5-6s: Left bar draws bottom to top, completing square border. [cite_start]Total duration: 6s. [cite: 440, 441, 442, 443]","=HYPERLINK(""https://drive.google.com/file/d/1BNh164LZxYyuA235m-PgKDalxvIQPhw7/view"", ""View Video"")","=HYPERLINK(""https://drive.google.com/file/d/16ekcKPH60WC1sv9WN1kYeZ-TZiL5dXwb/view"", ""View Code"")",,,,,,
115,coordination,"Circles Merge Split. Light background. Two circles: red (#F44336, 120px) and blue (#2196F3, 120px). Start separated 200px apart horizontally. Animation (8s): 0-2s: Both appear. 2-4s: Move toward each other, overlap at center. 4-5s: While overlapping, blend colors (overlapping area becomes purple). 5-6s: Merge into single purple circle (140px). 6-8s: Splits back into red and blue, separate to original positions. [cite_start]Total duration: 8s. [cite: 444, 445, 446, 447, 448]","=HYPERLINK(""https://drive.google.com/file/d/18gA2MGSD7hkYl_InLqRQUxlHo-00gQpi/view"", ""View Video"")","=HYPERLINK(""https://drive.google.com/file/d/17ES7HpjjNNnJrhhja1MpnOgk8yj1IZee/view"", ""View Code"")",,,,,,
116,coordination,"Pentagon Ring Rotate. Dark background. Five pentagons (each 100px, same size), different colors (red, orange, yellow, green, blue), arranged in circle (radius 180px from center), evenly spaced. Animation (7s): 0-2s: All pentagons appear simultaneously. 2-5s: All pentagons orbit clockwise around invisible center circle, maintaining spacing, completing half orbit (180°). 5-7s: Each pentagon rotates in place (360°) while stationary on orbit. [cite_start]Total duration: 7s. [cite: 449, 450, 451, 452]","=HYPERLINK(""https://drive.google.com/file/d/15oGg-2o6lj5xN4sV_N3OT-nqExEBWSYx/view"", ""View Video"")","=HYPERLINK(""https://drive.google.com/file/d/1AMkyoW3FWME_byIYCtCHn1RDGGmxEePO/view"", ""View Code"")",,,,,,
117,coordination,"Bar Graph Comparison. White background. Two groups of bars side by side. Left group (labeled 'BEFORE'): 3 bars (60px wide, grey #9E9E9E), heights 120px, 160px, 100px. Right group (labeled 'AFTER'): 3 bars (60px wide, green #4CAF50), heights 200px, 280px, 180px. Labels: small text above each group. Animation (8s): 0-2s: Labels appear. 2-5s: Left bars grow sequentially (1s each). 5-8s: Right bars grow sequentially (1s each), showing improvement. [cite_start]Total duration: 8s. [cite: 453, 454, 455, 456, 457]","=HYPERLINK(""https://drive.google.com/file/d/11mn0ZmQzfQevNLMpE-RLlFUVEuPKtaaH/view"", ""View Video"")","=HYPERLINK(""https://drive.google.com/file/d/1A3-KfGMUbVGAVH3Xbpd1lpX6jEYPoaQ-/view"", ""View Code"")",,,,,,
118,coordination,"Staggered Timing Variation. Gradient background. Five squares (each 100px), arranged diagonally, colors: red, orange, yellow, green, blue. Animation with precise stagger: 0-1.4s: Red square fades in (1s fade, appears at 0s). 0.7-2.1s: Orange fades in (1s fade, starts 0.7s). 1.5-2.9s: Yellow fades in (1s fade, starts 1.5s). 2.1-3.5s: Green fades in (1s fade, starts 2.1s). 3.0-4.4s: Blue fades in (1s fade, starts 3.0s). All hold 3.6s. Total duration: 8s. [cite_start]Tests overlapping fade timings. [cite: 458, 459, 460, 461, 462, 463]","=HYPERLINK(""https://drive.google.com/file/d/1tHtAX9hLRKsRFwn3Uccxv9j0kc5p40JQ/view"", ""View Video"")","=HYPERLINK(""https://drive.google.com/file/d/1XjWv_oNbtUm2gS4M6OkCAp7f7bE1xOfh/view"", ""View Code"")",,,,,,
119,coordination,"Circles Shadow Depth. Light grey background. Three circles (each 150px, white #FFFFFF), arranged vertically (180px apart). Each has different shadow depth creating 3D layering: Circle 1 (top): shadow 0px 4px 8px (close to surface). Circle 2 (middle): shadow 0px 12px 24px (elevated). Circle 3 (bottom): shadow 0px 24px 48px (highest). Animation (6s): 0-2s: All appear with shadows. 2-4s: Shadows animate: top shadow grows to match middle, middle to match bottom, bottom shrinks to match original top (circular shadow rotation). 4-6s: Return to original depths. [cite_start]Total duration: 6s. [cite: 464, 465, 466, 467, 468, 469]","=HYPERLINK(""https://drive.google.com/file/d/12bhqTmePPANOeSL5y515sYy4qxpuJFo5/view"", ""View Video"")","=HYPERLINK(""https://drive.google.com/file/d/13ggtPNDNG8Wpf7sAC1PBJEIy4kkwRmad/view"", ""View Code"")",,,,,,
120,coordination,"Lines Form Grid. White background. Grid formation: 5 horizontal lines (each 400px x 2px, grey #757575, 80px vertical spacing) and 5 vertical lines (each 2px x 400px, same grey, 80px horizontal spacing) forming 4x4 grid. Animation (8s): 0-4s: Horizontal lines draw from left to right sequentially (0.8s each). 4-8s: Vertical lines draw from top to bottom sequentially (0.8s each), completing grid. [cite_start]Total duration: 8s. [cite: 470, 471, 472, 473]","=HYPERLINK(""https://drive.google.com/file/d/1FDyohGvO3FtIIktGqyzlJY5FNCr022vL/view"", ""View Video"")","=HYPERLINK(""https://drive.google.com/file/d/198dvzRf7jlYbzBEJUEfMqY2a9dI44gmf/view"", ""View Code"")",,,,,,
121,coordination,"Shapes Gradient Overlap. Black background. Three large shapes overlapping at center: Circle (200px, gradient red #F44336 to transparent), square (200px, rotated 45° becoming diamond, gradient blue #2196F3 to transparent), triangle (200px, gradient green #4CAF50 to transparent). Animation (6s): 0-2s: Circle fades in. 2-4s: Square fades in overlapping circle (blend mode: screen or lighten). 4-6s: Triangle fades in overlapping both. Colors blend in overlapping areas creating compound colors. [cite_start]Total duration: 6s. [cite: 474, 475, 476, 477]","=HYPERLINK(""https://drive.google.com/file/d/1gokSx_IA-wlxS-kyxM9fhZGKQ6GcsUGd/view"", ""View Video"")","=HYPERLINK(""https://drive.google.com/file/d/1upFkiqjQsbc-lR7qlPrdYPTdDZ4Jdo1V/view"", ""View Code"")",,,,,,
122,coordination,"Pulse Wave Through Row. Light background. Six circles (each 80px, blue #1E88E5), horizontal row (100px spacing). Animation (7s): Scale pulse wave travels left to right: Circle 1 pulses 100% -> 130% -> 100% over 1s. Circle 2 starts pulsing when circle 1 reaches peak (0.5s stagger). Pattern continues through all 6 circles. Wave completes, all hold normal size 2s. [cite_start]Total duration: 7s. [cite: 478, 479, 480, 481, 482]","=HYPERLINK(""https://drive.google.com/file/d/1iEgqeau4gxTDV54C1tQ5LyCILLWGzQAj/view"", ""View Video"")","=HYPERLINK(""https://drive.google.com/file/d/1ETHrraVCtNPPDR3S-JESWE2IzXUuqkK9/view"", ""View Code"")",,,,,,
123,coordination,"Rectangles Aspect Ratio. Grey background. Three rectangles, all starting 200px x 200px (squares), different colors (red, green, blue), arranged horizontally (220px spacing). Animation (8s): 0-2s: All appear as squares. 2-4s: Red morphs to wide (400px x 100px). 4-6s: Green morphs to tall (100px x 400px). Blue stays square. 6-8s: All morph back to 200px x 200px squares. [cite_start]Total duration: 8s. [cite: 483, 484, 485, 486]","=HYPERLINK(""https://drive.google.com/file/d/1a4-9mFvubHncrWSoJsKRZwHVPEa4_X48/view"", ""View Video"")","=HYPERLINK(""https://drive.google.com/file/d/16XWSbl8CeZ6eZsRCe3CM2OF_R83_61io/view"", ""View Code"")",,,,,,
124,coordination,"Triangle Stack Pyramid. White background. Six triangles (each 140px base, yellow #FDD835), arranged in pyramid: row 1 (bottom): 3 triangles. Row 2 (middle): 2 triangles. Row 3 (top): 1 triangle. All pointing up. Animation (9s): 0-1.5s: Bottom row appears (3 triangles simultaneously). 1.5-3s: Middle row drops in from above, stacks on bottom row. 3-4.5s: Top triangle drops in, completes pyramid. 4.5-6.5s: Entire pyramid sways gently (rotates ±5° wobble). 6.5-9s: Each triangle rotates 180° sequentially bottom to top (pointing down), then flips back. [cite_start]Total duration: 9s. [cite: 487, 488, 489, 490, 491, 492, 493]","=HYPERLINK(""https://drive.google.com/file/d/1gfrUAH3Plv_7bHE1OlLFqDRgtBHfWt8q/view"", ""View Video"")","=HYPERLINK(""https://drive.google.com/file/d/1W887W2-NMVMzCJLq6aSmZsVtOgtc1Ewr/view"", ""View Code"")",,,,,,
125,coordination,"Color Cycling Coordination. Black background. Four squares (each 120px), arranged in 2x2 grid (40px gaps). All start red (#F44336). Animation (12s): Color wave cycles through all squares: 0-3s: Top-left cycles red -> orange -> yellow -> green -> blue -> purple -> red (completes full color cycle). 3-6s: Top-right does same cycle (3s delay). 6-9s: Bottom-left does same. 9-12s: Bottom-right completes. All end on different colors. [cite_start]Total duration: 12s. [cite: 494, 495, 496, 497, 498]","=HYPERLINK(""https://drive.google.com/file/d/1T7YwzJ3d42HY39uXvAZe5oZFGFtV-ql7/view"", ""View Video"")","=HYPERLINK(""https://drive.google.com/file/d/1QGcVB_vBKvxO9ZuylLugHi4S216uL73T/view"", ""View Code"")",,,,,,
127,coordination,"Rotation Direction Contrast. White background. Two circles (each 160px): left circle red (#E53935) with small white dot showing rotation, right circle blue (#1E88E5) with white dot. Circles 250px apart. Animation (6s): 0-1s: Both appear. 1-4s: Left circle rotates 360° clockwise, right circle rotates 360° counter-clockwise simultaneously (opposite directions, same speed). 4-6s: Both rotate back to starting position (reverse direction). [cite_start]Total duration: 6s. [cite: 504, 505, 506, 507]","=HYPERLINK(""https://drive.google.com/file/d/1pQlMAyx8uzgsyh4AGCtT4XUa0_ld4QVL/view"", ""View Video"")","=HYPERLINK(""https://drive.google.com/file/d/1qajoFk95mBD_BnieoAqlPZlnND2KyfIP/view"", ""View Code"")",,,,,,
128,coordination,"Scale Coordination Inverse. Grey background. Two squares (each 140px), left orange (#FF9800), right purple (#9C27B0), 200px apart. Animation (6s): 0-1s: Both appear at 100%. 1-3s: Left scales up 100% -> 150%, simultaneously right scales down 100% -> 50% (inverse scaling). 3-5s: Reverse: left scales 150% -> 100%, right scales 50% -> 100%. 5-6s: Hold normal size. [cite_start]Total duration: 6s. [cite: 508, 509, 510, 511]","=HYPERLINK(""https://drive.google.com/file/d/1QDfCp0sq9KHV7Bf7Oe3hzdUvgvFMbKnd/view"", ""View Video"")","=HYPERLINK(""https://drive.google.com/file/d/1jxJc-Ghjbsq7w5bS4KUBK1kxh3csEa2D/view"", ""View Code"")",,,,,,
130,coordination,"Rectangles Bridge Build. Light background. Two vertical rectangles (pillars): left 80px x 300px, right 80px x 300px, purple, 400px apart horizontally. Top horizontal rectangle (bridge): 400px x 60px, orange. Animation (7s): 0-2s: Left pillar grows upward from bottom. 2-4s: Right pillar grows upward. 4-5s: Both pillars hold. 5-7s: Bridge rectangle slides in from left, resting on top of pillars, connecting them. [cite_start]Total duration: 7s. [cite: 516, 517, 518, 519]","=HYPERLINK(""https://drive.google.com/file/d/1JYu7Ng2eYtWD-DnPNvDCW-ktbUhh6r0b/view"", ""View Video"")","=HYPERLINK(""https://drive.google.com/file/d/1-WMGd6kizJbC9ITq36iCL4dUwyU1_ONy/view"", ""View Code"")",,,,,,
126,coordination,"Opacity Fade Pattern. Light background. 4x4 grid of circles (16 total), each 60px, all cyan (#00BCD4), 20px gaps. Animation (8s): 0-1s: All appear at 100%. 1-3s: Diagonal fade pattern: top-left to bottom-right diagonal fades to 20%, then next diagonal, continuing (8 diagonals total, each fades over 0.25s). 3-5s: Hold pattern (some circles 100%, others 20%). 5-7s: Reverse: all return to 100% in reverse diagonal pattern. 7-8s: Hold all 100%. [cite_start]Total duration: 8s. [cite: 499, 500, 501, 502, 503]","=HYPERLINK(""https://drive.google.com/file/d/1GBioZNec3Bc10xXy2lfdRAxwy-TwUwSU/view"", ""View Video"")","=HYPERLINK(""https://drive.google.com/file/d/1dHS1Zszopk5lvsSjajFWfacyUZc9GwlE/view"", ""View Code"")",,,,,,
129,coordination,"Line Star Formation. Black background. Center point. Twelve lines (each 250px long, 2px thick, white), radiating from center at 30° intervals (forming 12-point star burst). Animation (8s): 0-6s: Lines appear sequentially clockwise, each drawing outward from center over 0.5s (12 lines x 0.5s = 6s). 6-8s: All lines rotate together as formation 30° clockwise. [cite_start]Total duration: 8s. [cite: 512, 513, 514, 515]","=HYPERLINK(""https://drive.google.com/file/d/1Hx4YTvlltUajinMWejG6VRJd6AqFgcAh/view"", ""View Video"")","=HYPERLINK(""https://drive.google.com/file/d/1fpp9_PjwYYvFuWh5TBx8SzW0HKK3YXJr/view"", ""View Code"")",,,,,,
131,coordination,"Circles Radial Expand. White background. Center: small circle (40px, red #F44336). Eight additional circles (each 80px, different colors) positioned in radial pattern around center (180px radius, 45° apart), all initially at center overlapping. Animation (7s): 0-1.5s: Center circle appears. 1.5-4.5s: Eight circles expand outward radially to their final positions simultaneously (from center to 180px radius). 4.5-6.5s: All outer circles rotate around center 90° clockwise. 6.5-7s: Hold. [cite_start]Total duration: 7s. [cite: 520, 521, 522, 523]","=HYPERLINK(""https://drive.google.com/file/d/1m_FKkqkN77poCSZps6l8prgkUDVOoCIX/view"", ""View Video"")","=HYPERLINK(""https://drive.google.com/file/d/1n3uu95one4b81KDVa3k7MOx6z1hPoRR3/view"", ""View Code"")",,,,,,
132,coordination,"Sequential Color Fill. Black background. Five outlined rectangles (each 200px x 150px, 3px white stroke, no fill), arranged horizontally (40px gaps). Animation (10s): All outlines appear simultaneously. Then sequential fill: 0-2s: Rectangle 1 fills with red from bottom to top. 2-4s: Rectangle 2 fills with orange. 4-6s: Rectangle 3 fills with yellow. 6-8s: Rectangle 4 fills with green. 8-10s: Rectangle 5 fills with blue. [cite_start]Total duration: 10s. [cite: 524, 525, 526, 527, 528]","=HYPERLINK(""https://drive.google.com/file/d/14C-LKXW3ROITxi48JXyEKX7idIcos6p-/view"", ""View Video"")","=HYPERLINK(""https://drive.google.com/file/d/1GYJvVT-0FTXFEgFgzgTb7nbK-JopWcyT/view"", ""View Code"")",,,,,,
133,coordination,"Triangle Wave Motion. Gradient background. Six triangles (each 100px base, all pointing up, cyan #00BCD4), arranged in horizontal row (120px spacing). Animation (8s): 0-1s: All appear. 1-7s: Vertical wave motion passes through row continuously: each triangle moves up 30px then down 30px in sequence with phase offset, creating wave traveling left to right. Wave repeats 3 times. 7-8s: All settle at baseline. [cite_start]Total duration: 8s. [cite: 529, 530, 531, 532]","=HYPERLINK(""https://drive.google.com/file/d/1rsF4M025rH27I2B77DtVvw6fvBXcsp8n/view"", ""View Video"")","=HYPERLINK(""https://drive.google.com/file/d/1jRQfYzIDaTgGOHISiTB9b-uvV4J_Jqx3/view"", ""View Code"")",,,,,,
134,coordination,"Squares Perspective Depth. Light grey background. Five squares (each starts 150px), same red color, arranged diagonally from top-left to bottom-right. Create depth illusion through size and opacity: Square 1 (closest): 150px, 100% opacity. Square 2: 130px, 85% opacity. Square 3: 110px, 70% opacity. Square 4: 90px, 55% opacity. Square 5 (farthest): 70px, 40% opacity. Animation (6s): 0-2s: All appear establishing depth. 2-5s: Depth reverses: sizes and opacities swap (square 1 becomes smallest/dimmest, square 5 becomes largest/brightest). 5-6s: Hold reversed depth. [cite_start]Total duration: 6s. [cite: 533, 534, 535, 536, 537, 538]","=HYPERLINK(""https://drive.google.com/file/d/1D8Ge1iR_-GEpp7OpyAJ1PwOIgJ76YQ7H/view"", ""View Video"")","=HYPERLINK(""https://drive.google.com/file/d/1QVTU27XppCZEm-t1biI_SRIJQMGT4aYU/view"", ""View Code"")",,,,,,
135,coordination,"Circle Orbit Complex. Black background. Large circle (300px diameter, white outline 3px, no fill), centered, stationary. Three small solid circles (each 60px, red, green, blue) orbit around the large circle's perimeter. Animation (10s): 0-1s: Large circle appears. 1-10s: Small circles orbit clockwise around perimeter: red starts at top (0°), green at 120°, blue at 240°. They maintain 120° spacing while orbiting. Complete 2 full orbits in 9s. [cite_start]Total duration: 10s. [cite: 539, 540, 541, 542, 543]","=HYPERLINK(""https://drive.google.com/file/d/1Cmd85iN1jIMMQR9lP8knUwgqsjRsf5yr/view"", ""View Video"")","=HYPERLINK(""https://drive.google.com/file/d/19WW5C6k0LoebxZTndXl5ZQ4AoJ1UQAoF/view"", ""View Code"")",,,,,,
136,coordination,"Bar Graph Race. White background. Four vertical bars (each 60px wide, 100px apart horizontally), different colors: red, blue, green, orange. All start at bottom (y: 80% height), 0px tall. Animation (8s): 0-8s: Bars grow upward at different rates racing each other: Red: grows to 250px over 5s (slow). Blue: grows to 300px over 4s (medium). Green: grows to 350px over 3s (fast). Orange: grows to 400px over 6s (slow start, fast end). All finish at different times, creating race effect. [cite_start]Total duration: 8s. [cite: 544, 545, 546, 547, 548, 549]","=HYPERLINK(""https://drive.google.com/file/d/1J8c0ADj-fbT4h0594qxvZzolClrrR9aj/view"", ""View Video"")","=HYPERLINK(""https://drive.google.com/file/d/1Agu-mx6nBwY7kttQLauFyYkl3orguLzp/view"", ""View Code"")",,,,,,
137,coordination,"Glow Pulse Synchronize. Dark background. Three circles (each 140px), different colors (red, green, blue), arranged in triangle formation. Each has outer glow matching its color (0px 0px 20px). Animation (6s): 0-1s: All appear with static glow. 1-6s: All glows pulse simultaneously in sync: blur 20px -> 50px, alpha 0.5 -> 1.0, completing 2.5 pulse cycles together (2s per cycle). [cite_start]Total duration: 6s. [cite: 550, 551, 552, 553, 554]","=HYPERLINK(""https://drive.google.com/file/d/18_-vtIbLx0SO9TCjl3SmLLMGnwktgS5e/view"", ""View Video"")","=HYPERLINK(""https://drive.google.com/file/d/1pHRHBvht9Sx7XrhBc1d1tRD1smki2RAX/view"", ""View Code"")",,,,,,
138,coordination,"Rotation Speed Variation. Grey background. Four squares (each 100px, all blue #2196F3), arranged in 2x2 grid (60px gaps). All rotate clockwise but at different speeds. Animation (8s): 0-1s: All appear. 1-8s: Top-left rotates 360° over 7s (slow). Top-right rotates 720° over 7s (medium). Bottom-left rotates 1080° over 7s (fast). Bottom-right rotates 1800° over 7s (very fast). All finish simultaneously at 8s. [cite_start]Total duration: 8s. [cite: 555, 556, 557, 558, 559]","=HYPERLINK(""https://drive.google.com/file/d/10SgBTyLc0B4DBpHguniR1CS-fMDEDWrW/view"", ""View Video"")","=HYPERLINK(""https://drive.google.com/file/d/1VQu5gFA2dI0nVEl-w8wkJPyJrPY_y9to/view"", ""View Code"")",,,,,,
139,coordination,"Lines Grid Fade In. White background. Grid: 6 horizontal lines (each 500px x 1px, grey) and 6 vertical lines (each 1px x 500px, grey), 100px spacing, forming 5x5 grid cells. Animation (9s): 0-4.5s: Horizontal lines fade in sequentially top to bottom (0.75s each). 4.5-9s: Vertical lines fade in sequentially left to right (0.75s each). Grid completes. [cite_start]Total duration: 9s. [cite: 560, 561, 562, 563]","=HYPERLINK(""https://drive.google.com/file/d/1hfhwGFxWyKQ69ps_lWsFbwek1IBx7Rm8/view"", ""View Video"")","=HYPERLINK(""https://drive.google.com/file/d/1nhwyHD-pTwRYrOnhXH-IX6-m77FajKXB/view"", ""View Code"")",,,,,,
140,coordination,"Shapes Bounce Sequence. Light background. Three shapes in horizontal row (200px spacing): circle (120px, red), square (120px, blue), triangle (120px base, green). All start at same vertical level (40% from top). Animation (8s): 0-2s: All appear. 2-3.5s: Circle bounces (drops to 70% height, bounces back to 40%, smaller bounce, settles). 3.5-5s: Square bounces (same pattern). 5-6.5s: Triangle bounces. 6.5-8s: All three bounce together once in sync. [cite_start]Total duration: 8s. [cite: 564, 565, 566, 567, 568]","=HYPERLINK(""https://drive.google.com/file/d/1DRL2IP3lyvqZLbPEdl6FisG0ByGZmltc/view"", ""View Video"")","=HYPERLINK(""https://drive.google.com/file/d/10kVv2d-2qCx7sZNArm-crMljbns6zgk2/view"", ""View Code"")",,,,,,
141,coordination,"Concentric Rings Expand. Black background. Five circles (all centered, no fill, 3px white stroke), sizes: 100px, 180px, 260px, 340px, 420px diameter. Animation (7s): 0-1.4s: Smallest circle (100px) appears. 1.4-2.8s: Second circle (180px) appears. 2.8-4.2s: Third circle appears. 4.2-5.6s: Fourth circle appears. 5.6-7s: Fifth largest circle appears. Creating expanding concentric rings. [cite_start]Total duration: 7s. [cite: 569, 570, 571, 572]","=HYPERLINK(""https://drive.google.com/file/d/1ypnh9nwtgZSCB4Y_2zNH8y94xnG6hgXv/view"", ""View Video"")","=HYPERLINK(""https://drive.google.com/file/d/1UpdEDAbW5ZUoFpKr-C6C5VETO6fnnrDp/view"", ""View Code"")",,,,,,
142,coordination,"Rectangle Cascade Fall. White background. Eight rectangles (each 150px x 80px, rounded 10px, same purple color), stacked vertically at top-center (touching edges). Animation (8s): 0-7s: Rectangles fall sequentially like dominoes: Rectangle 1 falls (rotates 90° and drops), then rectangle 2 falls (1s after), continuing through all 8 rectangles. Each takes 1s to fall, creates cascading effect. 7-8s: All settle at bottom in pile. [cite_start]Total duration: 8s. [cite: 573, 574, 575, 576]","=HYPERLINK(""https://drive.google.com/file/d/1lDYzKaFUpJNaiGj-1rlQczDWCg4L_Gti/view"", ""View Video"")","=HYPERLINK(""https://drive.google.com/file/d/1BbLGvjxWyQEf3NS1gg4eSgxYyThGst4-/view"", ""View Code"")",,,,,,
143,coordination,"Triangles Mirror Symmetry. Grey background. Two triangles (each 160px base): left triangle points right (green #43A047), right triangle points left (orange #FF9800), 200px apart, centered vertically. Animation (6s): 0-1s: Both appear. 1-3s: Move toward each other, points meet at center. 3-4s: Both rotate 180° simultaneously in opposite directions. 4-6s: Move apart back to original positions, now pointing opposite directions. [cite_start]Total duration: 6s. [cite: 577, 578, 579, 580, 581]","=HYPERLINK(""https://drive.google.com/file/d/1eogbwxrXPWg-WEcLQLAUFIRtlYws33G7/view"", ""View Video"")","=HYPERLINK(""https://drive.google.com/file/d/1kpym1mH3GssOGxkVVRrGJofR-op6YA8m/view"", ""View Code"")",,,,,,
144,coordination,"Grid Cells Sequential. Light background. 3x3 grid of squares (9 cells, each 100px, 10px gaps, centered). Animation (9s): Cells fill sequentially in spiral pattern starting from center: Center cell fills red (1s). Top-center fills orange (1s). Top-right fills yellow (1s). Middle-right fills green (1s). Bottom-right fills blue (1s). Bottom-center fills purple (1s). Bottom-left fills pink (1s). Middle-left fills cyan (1s). Top-left fills white (1s). Total duration: 9s. [cite_start]Spiral fill pattern. [cite: 582, 583, 584, 585, 586]","=HYPERLINK(""https://drive.google.com/file/d/1wsfGfApnkrcojEOX53Xe2swI5YdPXsUS/view"", ""View Video"")","=HYPERLINK(""https://drive.google.com/file/d/1-wmjUzZAVgUYODJnzmTGqMCMIYqOXBq7/view"", ""View Code"")",,,,,,
145,coordination,"Shadow Direction Wave. White background. Five circles (each 120px, all white #FFFFFF), horizontal row (140px spacing). All have shadows. Animation (8s): 0-1s: All appear with shadow at bottom-right (4px 4px 8px). 1-8s: Shadow direction rotates around each circle sequentially left to right creating wave: circle 1's shadow rotates clockwise around it (completing 360° over 7s), then circle 2 starts rotating (with 1.4s delay), continuing through all 5 circles. [cite_start]Total duration: 8s. [cite: 587, 588, 589, 590, 591]","=HYPERLINK(""https://drive.google.com/file/d/13ghOTiMKjQrP4GqHjOYVGE0IgzG_7Td1/view"", ""View Video"")","=HYPERLINK(""https://drive.google.com/file/d/19VRtIemykxR7qWXZ5Tb_hF8WxrboduD8/view"", ""View Code"")",,,,,,
146,coordination,"Lines Perpendicular Weave. Black background. Four horizontal lines (each 400px, 3px, white) and four vertical lines (each 400px, 3px, white), forming woven pattern with over/under crossings. Animation (10s): 0-5s: Horizontal lines draw left to right sequentially (1.25s each). 5-10s: Vertical lines draw top to bottom sequentially (1.25s each), appearing to weave over/under horizontal lines (achieved through z-index layering or draw order). [cite_start]Total duration: 10s. [cite: 592, 593, 594, 595, 596]","=HYPERLINK(""https://drive.google.com/file/d/1J4GRAA8F7vVwjTnPd5i2tZkRlZRC_ygY/view"", ""View Video"")","=HYPERLINK(""https://drive.google.com/file/d/1fQppkT2fqbbM-GrvEjmMRXp5CFvWVO4s/view"", ""View Code"")",,,,,,
147,coordination,"Shapes Color Sync. Light grey background. Three shapes: circle (140px), square (140px), triangle (140px base), arranged horizontally (180px spacing). All start white. Animation (9s): All shapes cycle through same color sequence simultaneously in perfect sync: 0-1.5s: All morph to red. 1.5-3s: All morph to orange. 3-4.5s: All morph to yellow. 4.5-6s: All morph to green. 6-7.5s: All morph to blue. 7.5-9s: All morph to purple. [cite_start]Total duration: 9s. [cite: 597, 598, 599, 600, 601]","=HYPERLINK(""https://drive.google.com/file/d/1_-zH8s6yesANJ-ltUocst-iHLenSqc7y/view"", ""View Video"")","=HYPERLINK(""https://drive.google.com/file/d/17TCWdhRmfRv99fZojAkTwcj8wSwRch0B/view"", ""View Code"")",,,,,,
148,coordination,"Rectangles Interlock. White background. Two rectangles: horizontal (300px x 80px, blue #1976D2) and vertical (80px x 300px, red #E53935). Animation (7s): 0-2s: Horizontal rectangle slides in from left to center. 2-4s: Vertical rectangle slides down from top, interlocks with horizontal (crosses through center, forming plus/cross shape). 4-5.5s: Both rotate 45° together around intersection point. 5.5-7s: Both scale together 100% -> 120% -> 100%. [cite_start]Total duration: 7s. [cite: 602, 603, 604, 605, 606, 607]","=HYPERLINK(""https://drive.google.com/file/d/14k2U4tYJhMB9r1BI49WaU1IU51eukapq/view"", ""View Video"")","=HYPERLINK(""https://drive.google.com/file/d/1GSmmp9HR0_742PDfJDhA5l0s8UrVxhpy/view"", ""View Code"")",,,,,,
149,coordination,"Opacity Gradient Cascade. Gradient background. Ten circles (each 80px, all cyan #00BCD4), vertical column (90px spacing). Animation (8s): 0-1s: All appear simultaneously at different opacities forming gradient: top circle 100%, second 90%, third 80%... bottom 10%. 1-7s: Opacity values shift downward in cascade: top becomes 90%, second becomes 100%, third becomes 90%, etc. Creates flowing opacity wave moving down column. Completes 3 cascade cycles. 7-8s: All settle at 100%. [cite_start]Total duration: 8s. [cite: 608, 609, 610, 611, 612]","=HYPERLINK(""https://drive.google.com/file/d/1-aESQgkAXCWdYg7bGWFsNEeVN3R7ktLH/view"", ""View Video"")","=HYPERLINK(""https://drive.google.com/file/d/1mwgCkqIVZ_McTJP--fVuhGum4Q182cj9/view"", ""View Code"")",,,,,,
150,coordination,"Complex Coordinated Finale. Black background. Center: Large circle (200px, gold #FFD700 outline 4px, no fill). Around it: 8 triangles (each 100px, different rainbow colors) pointing toward center, positioned radially (240px from center, 45° apart). Animation (12s): 0-2s: Center circle appears and pulses (scale 100% -> 110% -> 100%). 2-6s: Triangles appear sequentially clockwise (0.5s each). 6-8s: All triangles rotate 180° simultaneously (now pointing away from center). 8-10s: Triangles orbit clockwise around circle, maintaining formation, 90° orbit. 10-12s: All triangles move toward center, all shapes fade out together. Total duration: 12s. [cite_start]Grand finale testing all coordination techniques. [cite: 613, 614, 615, 616, 617, 618, 619]","=HYPERLINK(""https://drive.google.com/file/d/1a1RnTCcUMMhOXuBYshtOX_9WduTcMlPK/view"", ""View Video"")","=HYPERLINK(""https://drive.google.com/file/d/1JTcRiE5cJcrC7yPq8cas6XadpCHh0sYf/view"", ""View Code"")",,,,,,
